date,year,lst_c,ndvi,ndwi,fai
2021-06-01,2021,20.38,-0.0444,0.5778,-0.0157
2021-06-02,2021,21.35,-0.0602,0.5886,-0.0252
2021-06-03,2021,20.01,-0.0604,0.5938,-0.0208
2021-06-04,2021,20.73,-0.0486,0.5861,-0.0221
2021-06-05,2021,21.68,-0.041,0.587,-0.0217
2021-06-06,2021,21.5,-0.0432,0.5743,-0.0172
2021-06-07,2021,21.37,-0.0517,0.5801,-0.0218
2021-06-08,2021,21.53,-0.0411,0.5836,-0.0198
2021-06-09,2021,21.74,-0.0533,0.5914,-0.0221
2021-06-10,2021,21.8,0.0389,0.6007,-0.0054
2021-06-11,2021,21.85,0.0974,0.5661,0.0145
2021-06-12,2021,22.32,0.1884,0.5856,0.0338
2021-06-13,2021,21.65,0.2437,0.5786,0.0498
2021-06-14,2021,22.83,0.3283,0.6178,0.0612
2021-06-15,2021,22.48,0.4042,0.5527,0.0721
2021-06-16,2021,22.67,0.3834,0.585,0.0694
2021-06-17,2021,22.63,0.375,0.6235,0.0656
2021-06-18,2021,23.12,0.4021,0.5816,0.0713
2021-06-19,2021,23.3,0.4008,0.6036,0.0645
2021-06-20,2021,22.8,0.3999,0.5823,0.0642
2021-06-21,2021,23.55,0.3967,0.5807,0.0699
2021-06-22,2021,23.44,0.4015,0.5961,0.0735
2021-06-23,2021,23.48,0.3886,0.5808,0.0716
2021-06-24,2021,23.88,0.3977,0.5856,0.0598
2021-06-25,2021,23.97,0.396,0.5833,0.0693
2021-06-26,2021,24.08,0.386,0.5685,0.0732
2021-06-27,2021,24.03,0.382,0.584,0.0731
2021-06-28,2021,24.7,0.3978,0.5992,0.0714
2021-06-29,2021,24.27,0.3851,0.5683,0.0709
2021-06-30,2021,23.95,0.3567,0.5587,0.0684
2021-07-01,2021,24.42,0.4163,0.5863,0.0701
2021-07-02,2021,25.14,0.3828,0.577,0.0726
2021-07-03,2021,25.55,0.3825,0.554,0.0614
2021-07-04,2021,25.16,0.393,0.5754,0.0695
2021-07-05,2021,25.9,0.3984,0.573,0.0676
2021-07-06,2021,26.33,0.3873,0.5757,0.0719
2021-07-07,2021,25.87,0.3991,0.5792,0.0696
2021-07-08,2021,25.62,0.3868,0.569,0.0683
2021-07-09,2021,25.51,0.3727,0.5814,0.0781
2021-07-10,2021,26.51,0.3893,0.5942,0.0681
2021-07-11,2021,26.54,0.4018,0.5548,0.0685
2021-07-12,2021,25.48,0.3953,0.5882,0.0774
2021-07-13,2021,25.96,0.3964,0.5833,0.0703
2021-07-14,2021,25.32,0.3972,0.5522,0.072
2021-07-15,2021,25.66,0.3778,0.5504,0.0667
2021-07-16,2021,25.59,0.3957,0.5907,0.0646
2021-07-17,2021,24.94,0.4112,0.5727,0.0691
2021-07-18,2021,25.01,0.3711,0.584,0.07
2021-07-19,2021,25.0,0.3769,0.5899,0.0694
2021-07-20,2021,24.57,0.4161,0.589,0.0746
2021-07-21,2021,24.51,0.4175,0.5698,0.0688
2021-07-22,2021,24.52,0.3921,0.5988,0.0712
2021-07-23,2021,25.29,0.431,0.5772,0.0771
2021-07-24,2021,24.92,0.3936,0.5796,0.0678
2021-07-25,2021,25.35,0.3828,0.5792,0.0706
2021-07-26,2021,24.38,0.3933,0.5972,0.0694
2021-07-27,2021,24.13,0.4154,0.5846,0.0766
2021-07-28,2021,24.94,0.3889,0.5652,0.0718
2021-07-29,2021,24.64,0.3841,0.5826,0.0679
2021-07-30,2021,24.05,0.386,0.5989,0.0688
2021-07-31,2021,25.25,0.4129,0.5717,0.0739
2021-08-01,2021,25.56,0.3703,0.5959,0.0665
2021-08-02,2021,24.07,0.3562,0.5839,0.0651
2021-08-03,2021,24.12,0.3899,0.6011,0.0661
2021-08-04,2021,25.08,0.3793,0.5873,0.074
2021-08-05,2021,24.24,0.3755,0.5939,0.0758
2021-08-06,2021,24.11,0.4047,0.572,0.074
2021-08-07,2021,24.49,0.4231,0.5901,0.0722
2021-08-08,2021,23.44,0.388,0.5705,0.0695
2021-08-09,2021,22.96,0.3758,0.5654,0.077
2021-08-10,2021,23.53,0.4067,0.5839,0.0688
2021-08-11,2021,23.76,0.4012,0.5878,0.0739
2021-08-12,2021,24.07,0.3815,0.5985,0.0757
2021-08-13,2021,23.15,0.3711,0.5794,0.0697
2021-08-14,2021,23.1,0.3692,0.5619,0.0647
2021-08-15,2021,22.5,0.3866,0.5776,0.0704
2021-08-16,2021,23.38,0.4054,0.5993,0.0699
2021-08-17,2021,22.92,0.3972,0.5836,0.0704
2021-08-18,2021,22.52,0.3942,0.5916,0.0672
2021-08-19,2021,22.45,0.3906,0.5982,0.0711
2021-08-20,2021,22.67,0.3942,0.5781,0.0694
2021-08-21,2021,21.89,0.3964,0.5905,0.0746
2021-08-22,2021,21.71,0.3804,0.568,0.0703
2021-08-23,2021,21.77,0.3878,0.5685,0.0631
2021-08-24,2021,21.91,0.4157,0.5811,0.0751
2021-08-25,2021,21.29,0.4048,0.5524,0.0645
2021-08-26,2021,21.93,0.3892,0.5889,0.0688
2021-08-27,2021,21.59,0.3913,0.5903,0.0726
2021-08-28,2021,20.79,0.4008,0.5708,0.0714
2021-08-29,2021,21.12,0.4009,0.5759,0.0772
2021-08-30,2021,20.51,0.3842,0.6011,0.0757
2021-08-31,2021,20.66,0.3835,0.5863,0.0743
2022-06-01,2022,22.69,-0.0397,0.5747,-0.0193
2022-06-02,2022,22.94,-0.0644,0.5666,-0.0162
2022-06-03,2022,22.96,0.0748,0.5571,0.0049
2022-06-04,2022,22.76,0.1299,0.6041,0.023
2022-06-05,2022,23.55,0.2354,0.5667,0.0362
2022-06-06,2022,24.51,0.355,0.5818,0.0537
2022-06-07,2022,23.67,0.3974,0.5606,0.0711
2022-06-08,2022,23.96,0.3638,0.5874,0.0704
2022-06-09,2022,23.74,0.3636,0.5887,0.0684
2022-06-10,2022,24.11,0.3925,0.5768,0.0679
2022-06-11,2022,24.56,0.3791,0.5904,0.0672
2022-06-12,2022,24.24,0.3978,0.5882,0.0666
2022-06-13,2022,24.7,0.4027,0.5743,0.0662
2022-06-14,2022,24.43,0.3785,0.6006,0.0656
2022-06-15,2022,25.06,0.3959,0.5751,0.0562
2022-06-16,2022,24.77,0.408,0.5856,0.0688
2022-06-17,2022,25.77,0.3701,0.5786,0.076
2022-06-18,2022,25.65,0.4205,0.5855,0.072
2022-06-19,2022,25.37,0.392,0.5864,0.0678
2022-06-20,2022,25.5,0.3807,0.5618,0.067
2022-06-21,2022,25.16,0.3835,0.5714,0.0731
2022-06-22,2022,26.45,0.4012,0.597,0.0734
2022-06-23,2022,25.59,0.3817,0.5776,0.0597
2022-06-24,2022,26.42,0.3937,0.5657,0.0728
2022-06-25,2022,25.94,0.3834,0.5765,0.0673
2022-06-26,2022,26.2,0.3926,0.5509,0.0687
2022-06-27,2022,27.3,0.3944,0.5886,0.0742
2022-06-28,2022,26.0,0.4177,0.5934,0.0699
2022-06-29,2022,27.15,0.3872,0.5895,0.0701
2022-06-30,2022,27.78,0.3807,0.5641,0.0597
2022-07-01,2022,28.47,0.3998,0.5588,0.0758
2022-07-02,2022,28.57,0.3941,0.5669,0.0668
2022-07-03,2022,29.4,0.3838,0.5704,0.0689
2022-07-04,2022,29.95,0.3678,0.5817,0.0756
2022-07-05,2022,30.85,0.352,0.5875,0.0652
2022-07-06,2022,31.18,0.409,0.5659,0.0752
2022-07-07,2022,31.69,0.4052,0.5916,0.0693
2022-07-08,2022,31.17,0.3843,0.5649,0.0714
2022-07-09,2022,31.05,0.4196,0.5779,0.0662
2022-07-10,2022,31.84,0.3871,0.567,0.0669
2022-07-11,2022,31.45,0.3787,0.5781,0.0744
2022-07-12,2022,30.06,0.3914,0.5861,0.0752
2022-07-13,2022,29.81,0.3712,0.5803,0.0732
2022-07-14,2022,29.46,0.4271,0.569,0.067
2022-07-15,2022,28.36,0.4136,0.5586,0.0663
2022-07-16,2022,28.01,0.4,0.6055,0.0737
2022-07-17,2022,28.93,0.3921,0.572,0.0698
2022-07-18,2022,27.63,0.3784,0.5771,0.0671
2022-07-19,2022,27.27,0.3882,0.5948,0.0698
2022-07-20,2022,26.98,0.3987,0.5772,0.0706
2022-07-21,2022,27.23,0.3964,0.5707,0.0627
2022-07-22,2022,27.12,0.3749,0.5784,0.0651
2022-07-23,2022,27.08,0.3858,0.5708,0.0653
2022-07-24,2022,27.13,0.3771,0.5833,0.0688
2022-07-25,2022,27.05,0.4045,0.5701,0.0691
2022-07-26,2022,26.86,0.3975,0.5564,0.0624
2022-07-27,2022,27.04,0.3908,0.5868,0.0704
2022-07-28,2022,26.94,0.3935,0.5785,0.0669
2022-07-29,2022,26.49,0.3796,0.588,0.0745
2022-07-30,2022,27.46,0.3954,0.573,0.0766
2022-07-31,2022,26.73,0.3636,0.5991,0.0665
2022-08-01,2022,26.49,0.3841,0.5742,0.0688
2022-08-02,2022,26.27,0.3887,0.5608,0.0652
2022-08-03,2022,26.34,0.3851,0.5866,0.0786
2022-08-04,2022,25.78,0.4123,0.5716,0.078
2022-08-05,2022,25.83,0.4097,0.5875,0.0646
2022-08-06,2022,26.05,0.386,0.5569,0.0673
2022-08-07,2022,26.54,0.376,0.5979,0.0728
2022-08-08,2022,26.74,0.3843,0.6044,0.0768
2022-08-09,2022,25.73,0.407,0.5866,0.0679
2022-08-10,2022,25.61,0.3974,0.5599,0.0743
2022-08-11,2022,25.4,0.4056,0.6107,0.076
2022-08-12,2022,25.15,0.401,0.5762,0.069
2022-08-13,2022,25.0,0.3684,0.5882,0.0651
2022-08-14,2022,25.24,0.3966,0.5582,0.0696
2022-08-15,2022,25.33,0.3775,0.5713,0.0717
2022-08-16,2022,25.35,0.3887,0.5565,0.0722
2022-08-17,2022,24.33,0.3757,0.5572,0.0699
2022-08-18,2022,24.22,0.3858,0.6024,0.0701
2022-08-19,2022,25.33,0.3855,0.5584,0.0755
2022-08-20,2022,24.96,0.3728,0.5924,0.0634
2022-08-21,2022,24.15,0.3861,0.5862,0.074
2022-08-22,2022,24.62,0.3998,0.5724,0.0682
2022-08-23,2022,24.25,0.3862,0.5796,0.0723
2022-08-24,2022,23.72,0.3639,0.5873,0.0667
2022-08-25,2022,23.68,0.4163,0.5797,0.0733
2022-08-26,2022,23.35,0.3665,0.567,0.0689
2022-08-27,2022,23.42,0.3739,0.5797,0.0717
2022-08-28,2022,23.32,0.3832,0.571,0.073
2022-08-29,2022,23.4,0.3835,0.5795,0.0753
2022-08-30,2022,22.83,0.3934,0.5833,0.0727
2022-08-31,2022,23.2,0.3958,0.5742,0.0699
2023-06-01,2023,23.0,-0.0636,0.5539,-0.0162
2023-06-02,2023,22.1,-0.0666,0.602,-0.0203
2023-06-03,2023,23.71,0.1171,0.5813,0.0191
2023-06-04,2023,22.81,0.1296,0.5584,0.0234
2023-06-05,2023,22.97,0.2015,0.6103,0.0333
2023-06-06,2023,22.47,0.2603,0.593,0.0405
2023-06-07,2023,23.1,0.3737,0.5859,0.0702
2023-06-08,2023,24.12,0.4025,0.5974,0.0658
2023-06-09,2023,23.56,0.3855,0.5944,0.0679
2023-06-10,2023,23.43,0.3733,0.5763,0.0632
2023-06-11,2023,23.42,0.3666,0.5826,0.0749
2023-06-12,2023,24.01,0.3767,0.5694,0.0695
2023-06-13,2023,24.35,0.3738,0.5933,0.0648
2023-06-14,2023,24.02,0.3897,0.5891,0.0696
2023-06-15,2023,24.25,0.3918,0.587,0.0621
2023-06-16,2023,24.62,0.3738,0.5998,0.0708
2023-06-17,2023,24.81,0.4154,0.5854,0.0722
2023-06-18,2023,24.24,0.4089,0.5822,0.0718
2023-06-19,2023,24.23,0.3884,0.5703,0.0722
2023-06-20,2023,25.0,0.3904,0.5718,0.0663
2023-06-21,2023,25.17,0.3897,0.5757,0.0752
2023-06-22,2023,25.6,0.3662,0.5963,0.064
2023-06-23,2023,25.1,0.4102,0.5714,0.0686
2023-06-24,2023,24.52,0.3685,0.5545,0.0667
2023-06-25,2023,25.2,0.389,0.5846,0.0705
2023-06-26,2023,25.4,0.3881,0.6037,0.0733
2023-06-27,2023,25.23,0.4096,0.5617,0.0638
2023-06-28,2023,25.51,0.4009,0.5563,0.066
2023-06-29,2023,25.7,0.387,0.591,0.0742
2023-06-30,2023,26.12,0.3873,0.6052,0.0645
2023-07-01,2023,25.86,0.3903,0.5443,0.0702
2023-07-02,2023,25.95,0.4217,0.5846,0.0699
2023-07-03,2023,26.5,0.4038,0.5758,0.0712
2023-07-04,2023,26.58,0.3897,0.5868,0.0742
2023-07-05,2023,26.69,0.4065,0.5814,0.0732
2023-07-06,2023,27.1,0.3887,0.5775,0.0687
2023-07-07,2023,27.36,0.3926,0.5928,0.0641
2023-07-08,2023,28.26,0.3841,0.5696,0.0604
2023-07-09,2023,27.89,0.3945,0.5991,0.0724
2023-07-10,2023,28.5,0.3762,0.5942,0.0779
2023-07-11,2023,29.28,0.4075,0.5792,0.0674
2023-07-12,2023,29.36,0.3955,0.5742,0.0651
2023-07-13,2023,29.13,0.3935,0.5993,0.0665
2023-07-14,2023,29.88,0.4046,0.6012,0.0658
2023-07-15,2023,29.57,0.394,0.5667,0.0638
2023-07-16,2023,29.91,0.394,0.576,0.0729
2023-07-17,2023,30.19,0.3891,0.5932,0.0644
2023-07-18,2023,29.75,0.3882,0.5883,0.073
2023-07-19,2023,29.13,0.3872,0.5872,0.0643
2023-07-20,2023,28.45,0.3786,0.5713,0.069
2023-07-21,2023,29.07,0.397,0.5991,0.069
2023-07-22,2023,28.18,0.3991,0.5922,0.0706
2023-07-23,2023,28.03,0.3771,0.5694,0.0694
2023-07-24,2023,27.48,0.3698,0.5713,0.0699
2023-07-25,2023,26.68,0.407,0.5668,0.066
2023-07-26,2023,26.05,0.3942,0.5666,0.0731
2023-07-27,2023,27.2,0.3774,0.6021,0.0672
2023-07-28,2023,26.95,0.3909,0.5568,0.063
2023-07-29,2023,26.68,0.3921,0.5668,0.0672
2023-07-30,2023,26.9,0.4153,0.5776,0.0716
2023-07-31,2023,26.6,0.3969,0.5785,0.0722
2023-08-01,2023,26.01,0.3999,0.5779,0.0635
2023-08-02,2023,26.51,0.3935,0.5669,0.0669
2023-08-03,2023,25.69,0.3993,0.5967,0.069
2023-08-04,2023,24.4,0.3979,0.5659,0.0712
2023-08-05,2023,25.63,0.3683,0.5906,0.072
2023-08-06,2023,25.66,0.4188,0.608,0.0729
2023-08-07,2023,25.56,0.3921,0.5875,0.0676
2023-08-08,2023,25.83,0.397,0.5729,0.0708
2023-08-09,2023,25.64,0.3804,0.5491,0.0785
2023-08-10,2023,25.18,0.3698,0.5863,0.0651
2023-08-11,2023,24.8,0.3887,0.5646,0.0701
2023-08-12,2023,24.94,0.378,0.5691,0.0619
2023-08-13,2023,25.29,0.4196,0.5768,0.0693
2023-08-14,2023,23.9,0.3878,0.5782,0.0675
2023-08-15,2023,24.74,0.3826,0.5822,0.0677
2023-08-16,2023,23.99,0.3795,0.5897,0.0663
2023-08-17,2023,24.17,0.3828,0.5754,0.0684
2023-08-18,2023,24.39,0.3482,0.5761,0.0748
2023-08-19,2023,24.59,0.3896,0.5997,0.0722
2023-08-20,2023,23.91,0.4069,0.5572,0.0632
2023-08-21,2023,23.87,0.3842,0.5755,0.0722
2023-08-22,2023,24.37,0.3761,0.5639,0.0724
2023-08-23,2023,23.41,0.3768,0.5906,0.0686
2023-08-24,2023,23.27,0.3636,0.5607,0.0776
2023-08-25,2023,23.77,0.3718,0.5738,0.0664
2023-08-26,2023,23.42,0.373,0.5702,0.0714
2023-08-27,2023,23.41,0.4071,0.5728,0.0684
2023-08-28,2023,22.45,0.3871,0.59,0.0701
2023-08-29,2023,23.35,0.4,0.5834,0.0679
2023-08-30,2023,22.67,0.3944,0.5391,0.0719
2023-08-31,2023,23.4,0.3852,0.6125,0.0665
2024-06-01,2024,21.72,-0.0516,0.5707,-0.0136
2024-06-02,2024,22.64,-0.0649,0.6126,-0.023
2024-06-03,2024,22.51,0.0486,0.604,0.0053
2024-06-04,2024,22.13,0.1139,0.5781,0.0127
2024-06-05,2024,22.92,0.193,0.5554,0.0356
2024-06-06,2024,23.92,0.3168,0.5586,0.0595
2024-06-07,2024,22.86,0.354,0.5849,0.0635
2024-06-08,2024,22.42,0.3885,0.5845,0.0674
2024-06-09,2024,22.84,0.3917,0.5719,0.0663
2024-06-10,2024,24.15,0.3885,0.5764,0.0754
2024-06-11,2024,23.42,0.4024,0.5939,0.0638
2024-06-12,2024,23.55,0.3824,0.579,0.0641
2024-06-13,2024,23.65,0.3895,0.5739,0.0752
2024-06-14,2024,23.55,0.398,0.5894,0.06
2024-06-15,2024,23.9,0.3907,0.5816,0.0694
2024-06-16,2024,24.48,0.3914,0.6068,0.0682
2024-06-17,2024,23.67,0.3926,0.5835,0.0634
2024-06-18,2024,24.04,0.3749,0.5925,0.0724
2024-06-19,2024,24.64,0.426,0.5962,0.0661
2024-06-20,2024,24.89,0.3847,0.5945,0.0688
2024-06-21,2024,24.09,0.3883,0.5811,0.0718
2024-06-22,2024,24.56,0.3449,0.58,0.0717
2024-06-23,2024,24.51,0.3629,0.5849,0.0663
2024-06-24,2024,24.72,0.3555,0.577,0.0655
2024-06-25,2024,25.43,0.4064,0.558,0.0715
2024-06-26,2024,24.89,0.3877,0.5681,0.0703
2024-06-27,2024,25.13,0.3747,0.5589,0.0685
2024-06-28,2024,24.95,0.3841,0.5937,0.0648
2024-06-29,2024,25.72,0.4115,0.5692,0.0733
2024-06-30,2024,25.78,0.3794,0.5953,0.0693
2024-07-01,2024,24.99,0.4178,0.5972,0.0753
2024-07-02,2024,25.37,0.3903,0.5751,0.0693
2024-07-03,2024,25.16,0.4045,0.5764,0.0709
2024-07-04,2024,25.23,0.3783,0.5857,0.0732
2024-07-05,2024,25.89,0.3956,0.5711,0.0745
2024-07-06,2024,25.7,0.3768,0.5721,0.0754
2024-07-07,2024,25.38,0.4105,0.5775,0.0724
2024-07-08,2024,25.69,0.4055,0.5953,0.0703
2024-07-09,2024,26.32,0.3784,0.597,0.0573
2024-07-10,2024,26.09,0.4054,0.5852,0.0661
2024-07-11,2024,27.02,0.3995,0.5905,0.0698
2024-07-12,2024,26.09,0.3892,0.5704,0.0733
2024-07-13,2024,26.41,0.4128,0.5819,0.0727
2024-07-14,2024,26.46,0.3833,0.5809,0.0738
2024-07-15,2024,26.34,0.3749,0.5797,0.0752
2024-07-16,2024,26.1,0.3859,0.5734,0.0766
2024-07-17,2024,27.66,0.4021,0.5766,0.0687
2024-07-18,2024,27.07,0.3846,0.5713,0.0709
2024-07-19,2024,28.35,0.4019,0.5687,0.0723
2024-07-20,2024,28.22,0.4081,0.5522,0.0625
2024-07-21,2024,28.98,0.3921,0.5837,0.0699
2024-07-22,2024,28.58,0.3923,0.5933,0.0658
2024-07-23,2024,29.13,0.3816,0.55,0.0687
2024-07-24,2024,28.21,0.413,0.5966,0.0682
2024-07-25,2024,28.31,0.3879,0.5667,0.0704
2024-07-26,2024,28.12,0.3749,0.5956,0.0683
2024-07-27,2024,27.86,0.4118,0.5627,0.0772
2024-07-28,2024,28.14,0.4077,0.5893,0.0695
2024-07-29,2024,26.56,0.3978,0.5758,0.0707
2024-07-30,2024,26.96,0.3908,0.5458,0.0711
2024-07-31,2024,26.49,0.3934,0.5404,0.0723
2024-08-01,2024,26.53,0.3877,0.574,0.073
2024-08-02,2024,26.04,0.4036,0.6,0.0611
2024-08-03,2024,25.88,0.3775,0.5617,0.0679
2024-08-04,2024,26.04,0.4014,0.5708,0.0716
2024-08-05,2024,25.73,0.3568,0.5812,0.0735
2024-08-06,2024,25.23,0.4176,0.5854,0.0645
2024-08-07,2024,24.32,0.3612,0.5944,0.0621
2024-08-08,2024,24.41,0.4076,0.5814,0.0709
2024-08-09,2024,24.87,0.3636,0.5793,0.0734
2024-08-10,2024,24.83,0.3884,0.5897,0.0713
2024-08-11,2024,25.15,0.4235,0.5831,0.0735
2024-08-12,2024,24.97,0.4053,0.5641,0.0655
2024-08-13,2024,24.56,0.3799,0.5735,0.0703
2024-08-14,2024,24.04,0.3759,0.5866,0.0749
2024-08-15,2024,24.25,0.4227,0.5965,0.0609
2024-08-16,2024,24.36,0.3788,0.6071,0.0667
2024-08-17,2024,23.46,0.4027,0.5635,0.0654
2024-08-18,2024,23.9,0.3734,0.5687,0.0799
2024-08-19,2024,23.82,0.3734,0.5532,0.0745
2024-08-20,2024,23.44,0.3802,0.5847,0.071
2024-08-21,2024,23.36,0.4036,0.5802,0.0706
2024-08-22,2024,22.93,0.3999,0.5757,0.0734
2024-08-23,2024,23.61,0.3935,0.5546,0.0668
2024-08-24,2024,22.92,0.391,0.5494,0.0768
2024-08-25,2024,22.85,0.3875,0.5966,0.0655
2024-08-26,2024,23.16,0.3793,0.5727,0.0723
2024-08-27,2024,21.68,0.3909,0.5994,0.0692
2024-08-28,2024,22.88,0.3734,0.5854,0.0731
2024-08-29,2024,22.36,0.4089,0.5756,0.0652
2024-08-30,2024,21.84,0.3941,0.5677,0.0648
2024-08-31,2024,21.99,0.3799,0.6093,0.0672
2025-06-01,2025,22.85,-0.0499,0.5888,-0.0177
2025-06-02,2025,23.4,-0.0557,0.6037,-0.0191
2025-06-03,2025,23.41,0.101,0.587,0.0148
2025-06-04,2025,22.67,0.1238,0.5597,0.0188
2025-06-05,2025,24.03,0.2563,0.5788,0.0412
2025-06-06,2025,23.55,0.2873,0.5942,0.0528
2025-06-07,2025,23.51,0.3556,0.5755,0.065
2025-06-08,2025,23.81,0.3784,0.5853,0.0707
2025-06-09,2025,23.65,0.3939,0.5791,0.0672
2025-06-10,2025,24.11,0.3874,0.594,0.0685
2025-06-11,2025,24.61,0.4155,0.585,0.0638
2025-06-12,2025,24.54,0.3594,0.5826,0.0716
2025-06-13,2025,24.18,0.4159,0.6104,0.0672
2025-06-14,2025,24.63,0.3987,0.5799,0.065
2025-06-15,2025,25.12,0.3667,0.6102,0.0728
2025-06-16,2025,24.89,0.3773,0.5956,0.0732
2025-06-17,2025,24.98,0.3979,0.5832,0.0686
2025-06-18,2025,25.12,0.4032,0.5746,0.0728
2025-06-19,2025,25.57,0.3885,0.5823,0.0669
2025-06-20,2025,25.46,0.399,0.5732,0.0689
2025-06-21,2025,25.77,0.3876,0.5891,0.0711
2025-06-22,2025,25.76,0.3904,0.5955,0.0769
2025-06-23,2025,25.33,0.3959,0.5711,0.0716
2025-06-24,2025,26.1,0.4092,0.5818,0.0714
2025-06-25,2025,25.85,0.3541,0.5454,0.0662
2025-06-26,2025,26.09,0.3717,0.5661,0.0712
2025-06-27,2025,25.4,0.3864,0.5739,0.0682
2025-06-28,2025,27.0,0.4046,0.5698,0.0695
2025-06-29,2025,26.75,0.3931,0.5796,0.0707
2025-06-30,2025,26.77,0.3955,0.5695,0.0747
2025-07-01,2025,25.6,0.4078,0.5784,0.0697
2025-07-02,2025,26.61,0.3862,0.5606,0.0711
2025-07-03,2025,26.81,0.3902,0.5934,0.0683
2025-07-04,2025,26.53,0.3761,0.5665,0.0752
2025-07-05,2025,26.54,0.402,0.5802,0.0753
2025-07-06,2025,27.28,0.3912,0.6026,0.0727
2025-07-07,2025,26.61,0.4003,0.6025,0.0741
2025-07-08,2025,26.2,0.4218,0.5797,0.0683
2025-07-09,2025,26.87,0.3871,0.5744,0.0689
2025-07-10,2025,27.35,0.3792,0.571,0.0688
2025-07-11,2025,27.17,0.4096,0.5639,0.0718
2025-07-12,2025,27.75,0.3855,0.5751,0.0788
2025-07-13,2025,27.33,0.3681,0.5942,0.0695
2025-07-14,2025,27.76,0.379,0.5643,0.0686
2025-07-15,2025,28.41,0.3953,0.5704,0.0766
2025-07-16,2025,27.66,0.384,0.5569,0.0688
2025-07-17,2025,28.56,0.41,0.5981,0.0722
2025-07-18,2025,29.23,0.3952,0.5806,0.0725
2025-07-19,2025,28.84,0.3711,0.5687,0.0671
2025-07-20,2025,30.0,0.413,0.5822,0.067
2025-07-21,2025,30.76,0.3847,0.5966,0.0703
2025-07-22,2025,30.1,0.3859,0.5913,0.0693
2025-07-23,2025,30.99,0.4032,0.5944,0.0691
2025-07-24,2025,31.63,0.413,0.5634,0.0733
2025-07-25,2025,31.09,0.3913,0.5658,0.0609
2025-07-26,2025,30.81,0.395,0.5789,0.0781
2025-07-27,2025,31.04,0.3873,0.5696,0.0719
2025-07-28,2025,31.03,0.3829,0.6019,0.0687
2025-07-29,2025,30.5,0.3629,0.5795,0.0718
2025-07-30,2025,29.03,0.3837,0.5999,0.068
2025-07-31,2025,29.57,0.3864,0.6078,0.0693
2025-08-01,2025,28.64,0.3905,0.5684,0.0705
2025-08-02,2025,28.04,0.4038,0.5665,0.0692
2025-08-03,2025,27.27,0.3896,0.585,0.078
2025-08-04,2025,27.58,0.3875,0.569,0.0736
2025-08-05,2025,26.65,0.3982,0.5964,0.0748
2025-08-06,2025,26.05,0.3539,0.5851,0.0758
2025-08-07,2025,26.24,0.3846,0.5863,0.0683
2025-08-08,2025,25.93,0.3845,0.5953,0.0719
2025-08-09,2025,25.52,0.3843,0.5927,0.0733
2025-08-10,2025,25.55,0.3741,0.576,0.0711
2025-08-11,2025,26.47,0.3826,0.558,0.0712
2025-08-12,2025,25.25,0.3946,0.596,0.0705
2025-08-13,2025,25.4,0.3978,0.5936,0.0653
2025-08-14,2025,25.66,0.3963,0.5686,0.0716
2025-08-15,2025,25.34,0.3829,0.5838,0.0727
2025-08-16,2025,25.12,0.4051,0.5557,0.0793
2025-08-17,2025,25.03,0.3911,0.5826,0.0662
2025-08-18,2025,25.31,0.3983,0.5981,0.0652
2025-08-19,2025,24.99,0.3929,0.5891,0.0716
2025-08-20,2025,25.07,0.3834,0.5772,0.0619
2025-08-21,2025,23.98,0.4112,0.5724,0.0656
2025-08-22,2025,24.31,0.4112,0.5581,0.0699
2025-08-23,2025,24.3,0.3966,0.5586,0.0717
2025-08-24,2025,23.16,0.3727,0.5868,0.0712
2025-08-25,2025,24.13,0.3914,0.5642,0.068
2025-08-26,2025,23.33,0.3587,0.5953,0.0684
2025-08-27,2025,22.84,0.4046,0.5859,0.0714
2025-08-28,2025,24.0,0.3878,0.5915,0.0715
2025-08-29,2025,23.04,0.387,0.5777,0.073
2025-08-30,2025,23.44,0.3881,0.6026,0.0707
2025-08-31,2025,23.47,0.392,0.6162,0.0664
