date,year,basin_key,basin_name,basin_type,lst_c,water_supply_m3s,water_demand_m3s,ndvi,algae_formation_pct,ndwi,fai
2021-06-01,2021,rhine_river,Middle Rhine Reach (Mittelrhein / Kaub),River,20.12,1417.3,466.2,-0.068,0.7,0.5465,-0.0197
2021-06-02,2021,rhine_river,Middle Rhine Reach (Mittelrhein / Kaub),River,20.51,1462.4,474.0,-0.0565,5.0,0.5476,-0.0217
2021-06-03,2021,rhine_river,Middle Rhine Reach (Mittelrhein / Kaub),River,21.07,1421.3,505.7,-0.0685,0.6,0.537,-0.0202
2021-06-04,2021,rhine_river,Middle Rhine Reach (Mittelrhein / Kaub),River,21.45,1534.0,502.5,-0.0714,0.0,0.5645,-0.0215
2021-06-05,2021,rhine_river,Middle Rhine Reach (Mittelrhein / Kaub),River,21.16,1482.6,512.3,-0.0746,0.0,0.5657,-0.0237
2021-06-06,2021,rhine_river,Middle Rhine Reach (Mittelrhein / Kaub),River,21.6,1468.7,517.5,-0.0756,0.0,0.5621,-0.0204
2021-06-07,2021,rhine_river,Middle Rhine Reach (Mittelrhein / Kaub),River,21.34,1440.1,488.7,-0.0899,0.0,0.5357,-0.0199
2021-06-08,2021,rhine_river,Middle Rhine Reach (Mittelrhein / Kaub),River,21.74,1412.3,498.4,-0.0629,2.6,0.5688,-0.0236
2021-06-09,2021,rhine_river,Middle Rhine Reach (Mittelrhein / Kaub),River,21.62,1442.2,529.2,-0.0842,0.0,0.5588,-0.0225
2021-06-10,2021,rhine_river,Middle Rhine Reach (Mittelrhein / Kaub),River,21.66,1414.1,496.4,-0.0364,12.4,0.5739,-0.0116
2021-06-11,2021,rhine_river,Middle Rhine Reach (Mittelrhein / Kaub),River,21.49,1428.2,502.9,-0.0604,3.6,0.5385,-0.026
2021-06-12,2021,rhine_river,Middle Rhine Reach (Mittelrhein / Kaub),River,22.18,1385.5,531.8,-0.0208,18.2,0.5406,-0.0126
2021-06-13,2021,rhine_river,Middle Rhine Reach (Mittelrhein / Kaub),River,22.38,1472.7,554.8,-0.0265,16.1,0.5409,-0.0068
2021-06-14,2021,rhine_river,Middle Rhine Reach (Mittelrhein / Kaub),River,22.01,1452.7,534.9,0.0083,29.0,0.5529,0.0019
2021-06-15,2021,rhine_river,Middle Rhine Reach (Mittelrhein / Kaub),River,22.79,1467.0,565.3,0.0678,51.0,0.5405,0.0049
2021-06-16,2021,rhine_river,Middle Rhine Reach (Mittelrhein / Kaub),River,23.23,1433.3,569.9,0.0752,53.8,0.5474,0.0081
2021-06-17,2021,rhine_river,Middle Rhine Reach (Mittelrhein / Kaub),River,22.99,1467.4,560.4,0.0708,52.1,0.5422,0.0126
2021-06-18,2021,rhine_river,Middle Rhine Reach (Mittelrhein / Kaub),River,22.82,1444.8,559.8,0.0805,55.7,0.5637,0.006
2021-06-19,2021,rhine_river,Middle Rhine Reach (Mittelrhein / Kaub),River,23.19,1437.4,569.5,0.0716,52.4,0.5364,0.0135
2021-06-20,2021,rhine_river,Middle Rhine Reach (Mittelrhein / Kaub),River,23.21,1463.3,568.2,0.0813,56.0,0.5634,0.0087
2021-06-21,2021,rhine_river,Middle Rhine Reach (Mittelrhein / Kaub),River,23.57,1452.1,593.5,0.0652,50.1,0.5448,0.0191
2021-06-22,2021,rhine_river,Middle Rhine Reach (Mittelrhein / Kaub),River,24.11,1456.0,606.7,0.0937,60.6,0.55,0.0164
2021-06-23,2021,rhine_river,Middle Rhine Reach (Mittelrhein / Kaub),River,23.51,1438.7,570.0,0.0734,53.1,0.5357,0.0145
2021-06-24,2021,rhine_river,Middle Rhine Reach (Mittelrhein / Kaub),River,24.18,1449.2,598.1,0.0899,59.2,0.538,0.0118
2021-06-25,2021,rhine_river,Middle Rhine Reach (Mittelrhein / Kaub),River,23.73,1389.7,585.8,0.0618,48.8,0.5551,0.01
2021-06-26,2021,rhine_river,Middle Rhine Reach (Mittelrhein / Kaub),River,24.28,1416.2,618.1,0.1092,66.3,0.5625,0.0072
2021-06-27,2021,rhine_river,Middle Rhine Reach (Mittelrhein / Kaub),River,24.28,1321.2,610.1,0.0797,55.4,0.5279,0.0049
2021-06-28,2021,rhine_river,Middle Rhine Reach (Mittelrhein / Kaub),River,23.5,1360.3,590.7,0.094,60.7,0.5322,0.0141
2021-06-29,2021,rhine_river,Middle Rhine Reach (Mittelrhein / Kaub),River,24.4,1374.9,608.6,0.0575,47.2,0.5428,0.0126
2021-06-30,2021,rhine_river,Middle Rhine Reach (Mittelrhein / Kaub),River,24.28,1364.6,634.5,0.075,53.7,0.5363,0.0173
2021-07-01,2021,rhine_river,Middle Rhine Reach (Mittelrhein / Kaub),River,24.48,1278.1,610.6,0.0478,43.6,0.562,0.0092
2021-07-02,2021,rhine_river,Middle Rhine Reach (Mittelrhein / Kaub),River,24.3,1263.0,601.6,0.0844,57.2,0.5499,0.0115
2021-07-03,2021,rhine_river,Middle Rhine Reach (Mittelrhein / Kaub),River,24.55,1217.6,631.8,0.078,54.8,0.5811,0.0085
2021-07-04,2021,rhine_river,Middle Rhine Reach (Mittelrhein / Kaub),River,24.82,1189.6,631.2,0.0612,48.6,0.5472,0.0156
2021-07-05,2021,rhine_river,Middle Rhine Reach (Mittelrhein / Kaub),River,24.73,1058.4,653.9,0.068,51.1,0.5554,0.0113
2021-07-06,2021,rhine_river,Middle Rhine Reach (Mittelrhein / Kaub),River,25.19,994.7,631.4,0.0651,50.0,0.5327,0.0149
2021-07-07,2021,rhine_river,Middle Rhine Reach (Mittelrhein / Kaub),River,24.61,925.7,633.3,0.1058,65.1,0.5404,0.0177
2021-07-08,2021,rhine_river,Middle Rhine Reach (Mittelrhein / Kaub),River,25.3,871.4,649.2,0.0454,42.7,0.5469,0.0149
2021-07-09,2021,rhine_river,Middle Rhine Reach (Mittelrhein / Kaub),River,25.03,780.0,655.6,0.0742,53.4,0.5801,0.0121
2021-07-10,2021,rhine_river,Middle Rhine Reach (Mittelrhein / Kaub),River,25.32,780.0,644.5,0.0969,61.8,0.5494,0.0056
2021-07-11,2021,rhine_river,Middle Rhine Reach (Mittelrhein / Kaub),River,25.57,780.0,664.4,0.0401,40.8,0.5496,0.0009
2021-07-12,2021,rhine_river,Middle Rhine Reach (Mittelrhein / Kaub),River,24.98,780.0,622.0,0.0834,56.8,0.5416,0.0116
2021-07-13,2021,rhine_river,Middle Rhine Reach (Mittelrhein / Kaub),River,26.04,780.0,668.2,0.0834,56.8,0.5155,0.015
2021-07-14,2021,rhine_river,Middle Rhine Reach (Mittelrhein / Kaub),River,25.61,780.0,684.1,0.0906,59.5,0.5827,0.014
2021-07-15,2021,rhine_river,Middle Rhine Reach (Mittelrhein / Kaub),River,25.71,780.0,681.4,0.0726,52.8,0.5277,0.0131
2021-07-16,2021,rhine_river,Middle Rhine Reach (Mittelrhein / Kaub),River,25.87,790.4,685.7,0.0985,62.4,0.5457,0.0056
2021-07-17,2021,rhine_river,Middle Rhine Reach (Mittelrhein / Kaub),River,24.8,892.0,623.4,0.0661,50.4,0.5464,0.0093
2021-07-18,2021,rhine_river,Middle Rhine Reach (Mittelrhein / Kaub),River,25.45,951.0,659.6,0.0815,56.1,0.5519,0.006
2021-07-19,2021,rhine_river,Middle Rhine Reach (Mittelrhein / Kaub),River,25.27,964.2,657.3,0.095,61.1,0.5527,0.0121
2021-07-20,2021,rhine_river,Middle Rhine Reach (Mittelrhein / Kaub),River,25.1,1018.3,630.6,0.095,61.1,0.5313,0.0098
2021-07-21,2021,rhine_river,Middle Rhine Reach (Mittelrhein / Kaub),River,25.27,1064.1,651.0,0.0939,60.7,0.5385,0.0129
2021-07-22,2021,rhine_river,Middle Rhine Reach (Mittelrhein / Kaub),River,24.72,1142.2,604.3,0.0651,50.0,0.5442,0.0189
2021-07-23,2021,rhine_river,Middle Rhine Reach (Mittelrhein / Kaub),River,24.63,1115.4,618.5,0.0818,56.2,0.5303,0.0179
2021-07-24,2021,rhine_river,Middle Rhine Reach (Mittelrhein / Kaub),River,24.8,1151.4,628.5,0.0688,51.4,0.5927,0.0062
2021-07-25,2021,rhine_river,Middle Rhine Reach (Mittelrhein / Kaub),River,24.64,1146.8,623.5,0.0581,47.4,0.5147,0.0176
2021-07-26,2021,rhine_river,Middle Rhine Reach (Mittelrhein / Kaub),River,25.17,1200.3,651.5,0.05,44.4,0.5619,0.012
2021-07-27,2021,rhine_river,Middle Rhine Reach (Mittelrhein / Kaub),River,24.63,1181.1,633.9,0.0757,53.9,0.5447,0.0198
2021-07-28,2021,rhine_river,Middle Rhine Reach (Mittelrhein / Kaub),River,24.02,1182.1,628.7,0.0533,45.6,0.5768,0.0119
2021-07-29,2021,rhine_river,Middle Rhine Reach (Mittelrhein / Kaub),River,24.59,1159.7,617.5,0.0885,58.7,0.5718,0.0121
2021-07-30,2021,rhine_river,Middle Rhine Reach (Mittelrhein / Kaub),River,24.59,1182.2,613.9,0.0857,57.6,0.5015,0.0136
2021-07-31,2021,rhine_river,Middle Rhine Reach (Mittelrhein / Kaub),River,23.99,1177.9,592.7,0.0968,61.8,0.5264,0.0079
2021-08-01,2021,rhine_river,Middle Rhine Reach (Mittelrhein / Kaub),River,24.2,1153.4,616.2,0.0952,61.2,0.5362,0.0077
2021-08-02,2021,rhine_river,Middle Rhine Reach (Mittelrhein / Kaub),River,24.77,1161.9,636.0,0.0696,51.7,0.5285,0.0177
2021-08-03,2021,rhine_river,Middle Rhine Reach (Mittelrhein / Kaub),River,24.49,1152.8,625.0,0.0723,52.7,0.561,0.0163
2021-08-04,2021,rhine_river,Middle Rhine Reach (Mittelrhein / Kaub),River,24.09,1126.1,619.4,0.0788,55.1,0.5507,0.0159
2021-08-05,2021,rhine_river,Middle Rhine Reach (Mittelrhein / Kaub),River,24.17,1164.6,621.5,0.0853,57.5,0.5593,0.0052
2021-08-06,2021,rhine_river,Middle Rhine Reach (Mittelrhein / Kaub),River,23.46,1134.0,601.4,0.1157,68.8,0.569,0.0144
2021-08-07,2021,rhine_river,Middle Rhine Reach (Mittelrhein / Kaub),River,23.77,1147.9,594.7,0.0805,55.7,0.5567,0.0071
2021-08-08,2021,rhine_river,Middle Rhine Reach (Mittelrhein / Kaub),River,23.83,1159.6,576.3,0.0656,50.2,0.5476,0.0139
2021-08-09,2021,rhine_river,Middle Rhine Reach (Mittelrhein / Kaub),River,23.63,1153.7,597.0,0.05,44.4,0.5282,0.0092
2021-08-10,2021,rhine_river,Middle Rhine Reach (Mittelrhein / Kaub),River,23.8,1157.8,608.5,0.0809,55.9,0.534,0.0138
2021-08-11,2021,rhine_river,Middle Rhine Reach (Mittelrhein / Kaub),River,23.47,1136.4,578.5,0.0687,51.4,0.5593,0.0144
2021-08-12,2021,rhine_river,Middle Rhine Reach (Mittelrhein / Kaub),River,23.57,1139.3,587.2,0.0745,53.5,0.5923,0.0116
2021-08-13,2021,rhine_river,Middle Rhine Reach (Mittelrhein / Kaub),River,23.24,1123.0,557.3,0.0791,55.2,0.513,0.0071
2021-08-14,2021,rhine_river,Middle Rhine Reach (Mittelrhein / Kaub),River,21.99,1132.6,515.9,0.0789,55.1,0.5313,0.0118
2021-08-15,2021,rhine_river,Middle Rhine Reach (Mittelrhein / Kaub),River,22.86,1113.9,576.6,0.0689,51.4,0.5504,0.0089
2021-08-16,2021,rhine_river,Middle Rhine Reach (Mittelrhein / Kaub),River,22.63,1114.2,561.3,0.0734,53.1,0.5581,0.0075
2021-08-17,2021,rhine_river,Middle Rhine Reach (Mittelrhein / Kaub),River,22.42,1126.5,535.8,0.0659,50.3,0.5374,0.0135
2021-08-18,2021,rhine_river,Middle Rhine Reach (Mittelrhein / Kaub),River,22.86,1112.7,560.9,0.0862,57.8,0.5515,0.0172
2021-08-19,2021,rhine_river,Middle Rhine Reach (Mittelrhein / Kaub),River,23.05,1102.0,565.1,0.0644,49.8,0.5223,0.0054
2021-08-20,2021,rhine_river,Middle Rhine Reach (Mittelrhein / Kaub),River,22.39,1151.1,551.5,0.0681,51.1,0.5412,0.0142
2021-08-21,2021,rhine_river,Middle Rhine Reach (Mittelrhein / Kaub),River,21.96,1091.4,521.6,0.1035,64.2,0.5597,0.0216
2021-08-22,2021,rhine_river,Middle Rhine Reach (Mittelrhein / Kaub),River,21.49,1101.9,507.8,0.0739,53.3,0.5606,0.012
2021-08-23,2021,rhine_river,Middle Rhine Reach (Mittelrhein / Kaub),River,21.68,1109.4,520.5,0.1111,67.0,0.5533,0.0084
2021-08-24,2021,rhine_river,Middle Rhine Reach (Mittelrhein / Kaub),River,22.0,1147.3,527.6,0.0555,46.5,0.562,0.0111
2021-08-25,2021,rhine_river,Middle Rhine Reach (Mittelrhein / Kaub),River,21.31,1085.9,513.4,0.083,56.6,0.5555,0.0155
2021-08-26,2021,rhine_river,Middle Rhine Reach (Mittelrhein / Kaub),River,20.87,1119.0,489.4,0.0868,58.1,0.5482,0.0113
2021-08-27,2021,rhine_river,Middle Rhine Reach (Mittelrhein / Kaub),River,21.26,1085.1,470.4,0.0992,62.6,0.5548,0.0093
2021-08-28,2021,rhine_river,Middle Rhine Reach (Mittelrhein / Kaub),River,21.15,1100.2,502.4,0.067,50.7,0.5493,0.0107
2021-08-29,2021,rhine_river,Middle Rhine Reach (Mittelrhein / Kaub),River,20.87,1095.3,475.1,0.0741,53.4,0.5455,0.0125
2021-08-30,2021,rhine_river,Middle Rhine Reach (Mittelrhein / Kaub),River,20.92,1096.7,485.4,0.0873,58.2,0.5323,0.0149
2021-08-31,2021,rhine_river,Middle Rhine Reach (Mittelrhein / Kaub),River,21.04,1123.9,484.4,0.057,47.0,0.5789,0.0184
2022-06-01,2022,rhine_river,Middle Rhine Reach (Mittelrhein / Kaub),River,22.95,1406.5,569.0,-0.0803,0.0,0.5563,-0.0204
2022-06-02,2022,rhine_river,Middle Rhine Reach (Mittelrhein / Kaub),River,22.97,1414.0,556.4,-0.0844,0.0,0.5453,-0.0217
2022-06-03,2022,rhine_river,Middle Rhine Reach (Mittelrhein / Kaub),River,22.72,1427.3,556.6,-0.02,18.5,0.5347,-0.0104
2022-06-04,2022,rhine_river,Middle Rhine Reach (Mittelrhein / Kaub),River,23.13,1489.0,561.7,0.0052,27.8,0.5757,-0.0025
2022-06-05,2022,rhine_river,Middle Rhine Reach (Mittelrhein / Kaub),River,22.77,1436.5,548.5,0.0635,49.4,0.5532,0.0005
2022-06-06,2022,rhine_river,Middle Rhine Reach (Mittelrhein / Kaub),River,23.52,1447.7,580.5,0.0452,42.7,0.5603,0.008
2022-06-07,2022,rhine_river,Middle Rhine Reach (Mittelrhein / Kaub),River,24.64,1404.0,639.1,0.0588,47.7,0.5609,0.0039
2022-06-08,2022,rhine_river,Middle Rhine Reach (Mittelrhein / Kaub),River,24.15,1390.7,606.6,0.0839,57.0,0.5258,0.016
2022-06-09,2022,rhine_river,Middle Rhine Reach (Mittelrhein / Kaub),River,23.67,1409.9,581.5,0.0788,55.1,0.552,0.0096
2022-06-10,2022,rhine_river,Middle Rhine Reach (Mittelrhein / Kaub),River,23.77,1470.6,604.8,0.1132,67.8,0.5612,0.0116
2022-06-11,2022,rhine_river,Middle Rhine Reach (Mittelrhein / Kaub),River,24.41,1413.2,640.4,0.0546,46.1,0.5504,0.0095
2022-06-12,2022,rhine_river,Middle Rhine Reach (Mittelrhein / Kaub),River,24.81,1389.4,650.9,0.0757,53.9,0.5465,0.0137
2022-06-13,2022,rhine_river,Middle Rhine Reach (Mittelrhein / Kaub),River,24.65,1425.1,619.8,0.0865,57.9,0.5395,0.0091
2022-06-14,2022,rhine_river,Middle Rhine Reach (Mittelrhein / Kaub),River,24.17,1438.6,627.2,0.0768,54.4,0.5338,0.0084
2022-06-15,2022,rhine_river,Middle Rhine Reach (Mittelrhein / Kaub),River,24.61,1352.0,625.8,0.0869,58.1,0.5258,0.0162
2022-06-16,2022,rhine_river,Middle Rhine Reach (Mittelrhein / Kaub),River,24.99,1378.2,664.2,0.094,60.7,0.5571,0.0133
2022-06-17,2022,rhine_river,Middle Rhine Reach (Mittelrhein / Kaub),River,25.14,1359.5,641.8,0.061,48.5,0.5499,0.0166
2022-06-18,2022,rhine_river,Middle Rhine Reach (Mittelrhein / Kaub),River,24.77,1378.2,634.7,0.0782,54.9,0.5613,0.0142
2022-06-19,2022,rhine_river,Middle Rhine Reach (Mittelrhein / Kaub),River,25.31,1331.9,666.5,0.08,55.5,0.5487,0.0162
2022-06-20,2022,rhine_river,Middle Rhine Reach (Mittelrhein / Kaub),River,25.21,1329.5,656.9,0.1033,64.2,0.5371,0.0134
2022-06-21,2022,rhine_river,Middle Rhine Reach (Mittelrhein / Kaub),River,25.68,1343.9,648.6,0.0713,52.3,0.539,0.0068
2022-06-22,2022,rhine_river,Middle Rhine Reach (Mittelrhein / Kaub),River,26.23,1346.0,672.7,0.0783,54.9,0.5545,0.0172
2022-06-23,2022,rhine_river,Middle Rhine Reach (Mittelrhein / Kaub),River,25.2,1381.7,650.3,0.0877,58.4,0.5408,0.0178
2022-06-24,2022,rhine_river,Middle Rhine Reach (Mittelrhein / Kaub),River,25.83,1330.7,696.4,0.0746,53.5,0.5394,0.0102
2022-06-25,2022,rhine_river,Middle Rhine Reach (Mittelrhein / Kaub),River,25.29,1321.7,646.4,0.0656,50.2,0.568,0.0084
2022-06-26,2022,rhine_river,Middle Rhine Reach (Mittelrhein / Kaub),River,26.01,1259.5,658.4,0.0724,52.7,0.5526,0.0163
2022-06-27,2022,rhine_river,Middle Rhine Reach (Mittelrhein / Kaub),River,26.09,1266.4,692.9,0.07,51.8,0.5779,0.0136
2022-06-28,2022,rhine_river,Middle Rhine Reach (Mittelrhein / Kaub),River,26.87,1277.7,702.7,0.0923,60.1,0.5475,0.0112
2022-06-29,2022,rhine_river,Middle Rhine Reach (Mittelrhein / Kaub),River,26.96,1262.2,709.9,0.0731,53.0,0.5536,0.0158
2022-06-30,2022,rhine_river,Middle Rhine Reach (Mittelrhein / Kaub),River,27.11,1221.9,722.0,0.079,55.2,0.5292,0.0097
2022-07-01,2022,rhine_river,Middle Rhine Reach (Mittelrhein / Kaub),River,27.25,1164.5,701.5,0.0816,56.1,0.5367,0.018
2022-07-02,2022,rhine_river,Middle Rhine Reach (Mittelrhein / Kaub),River,27.28,1143.0,721.1,0.0637,49.5,0.5522,0.0089
2022-07-03,2022,rhine_river,Middle Rhine Reach (Mittelrhein / Kaub),River,27.45,1066.4,729.4,0.0854,57.5,0.5314,0.0147
2022-07-04,2022,rhine_river,Middle Rhine Reach (Mittelrhein / Kaub),River,28.72,990.9,776.4,0.0782,54.9,0.5534,0.0078
2022-07-05,2022,rhine_river,Middle Rhine Reach (Mittelrhein / Kaub),River,28.8,923.2,789.2,0.0781,54.8,0.5555,0.0138
2022-07-06,2022,rhine_river,Middle Rhine Reach (Mittelrhein / Kaub),River,29.51,879.3,819.5,0.0898,59.2,0.5427,0.0033
2022-07-07,2022,rhine_river,Middle Rhine Reach (Mittelrhein / Kaub),River,29.61,780.0,812.2,0.0656,50.2,0.5793,0.0187
2022-07-08,2022,rhine_river,Middle Rhine Reach (Mittelrhein / Kaub),River,30.24,780.0,830.9,0.0642,49.7,0.5553,0.014
2022-07-09,2022,rhine_river,Middle Rhine Reach (Mittelrhein / Kaub),River,30.7,780.0,840.9,0.071,52.2,0.5271,0.0084
2022-07-10,2022,rhine_river,Middle Rhine Reach (Mittelrhein / Kaub),River,31.11,780.0,886.4,0.0853,57.5,0.5253,0.0131
2022-07-11,2022,rhine_river,Middle Rhine Reach (Mittelrhein / Kaub),River,31.09,780.0,870.3,0.1224,71.2,0.5691,0.0149
2022-07-12,2022,rhine_river,Middle Rhine Reach (Mittelrhein / Kaub),River,31.11,780.0,885.4,0.0843,57.1,0.558,0.0019
2022-07-13,2022,rhine_river,Middle Rhine Reach (Mittelrhein / Kaub),River,31.22,780.0,861.9,0.0876,58.3,0.5595,0.0095
2022-07-14,2022,rhine_river,Middle Rhine Reach (Mittelrhein / Kaub),River,31.08,780.0,871.2,0.0813,56.0,0.5247,0.0092
2022-07-15,2022,rhine_river,Middle Rhine Reach (Mittelrhein / Kaub),River,30.4,780.0,825.2,0.0838,56.9,0.5353,0.0069
2022-07-16,2022,rhine_river,Middle Rhine Reach (Mittelrhein / Kaub),River,30.31,780.0,825.4,0.0658,50.3,0.5815,0.0078
2022-07-17,2022,rhine_river,Middle Rhine Reach (Mittelrhein / Kaub),River,29.94,780.0,820.8,0.0724,52.7,0.5639,0.0066
2022-07-18,2022,rhine_river,Middle Rhine Reach (Mittelrhein / Kaub),River,30.02,780.0,804.7,0.0646,49.8,0.5352,0.0092
2022-07-19,2022,rhine_river,Middle Rhine Reach (Mittelrhein / Kaub),River,29.08,780.0,806.6,0.0806,55.8,0.5425,0.0037
2022-07-20,2022,rhine_river,Middle Rhine Reach (Mittelrhein / Kaub),River,28.24,780.0,764.6,0.0729,52.9,0.558,0.0145
2022-07-21,2022,rhine_river,Middle Rhine Reach (Mittelrhein / Kaub),River,27.87,780.5,756.3,0.0713,52.3,0.5324,0.0144
2022-07-22,2022,rhine_river,Middle Rhine Reach (Mittelrhein / Kaub),River,28.05,809.4,761.5,0.0914,59.8,0.5702,0.0145
2022-07-23,2022,rhine_river,Middle Rhine Reach (Mittelrhein / Kaub),River,27.44,845.7,732.9,0.099,62.6,0.5691,0.011
2022-07-24,2022,rhine_river,Middle Rhine Reach (Mittelrhein / Kaub),River,27.23,883.5,741.0,0.1079,65.9,0.5504,0.0095
2022-07-25,2022,rhine_river,Middle Rhine Reach (Mittelrhein / Kaub),River,27.34,883.8,731.1,0.0749,53.6,0.5523,0.0138
2022-07-26,2022,rhine_river,Middle Rhine Reach (Mittelrhein / Kaub),River,26.8,864.5,716.6,0.0584,47.5,0.5563,0.009
2022-07-27,2022,rhine_river,Middle Rhine Reach (Mittelrhein / Kaub),River,26.6,842.0,707.1,0.0671,50.8,0.5737,0.013
2022-07-28,2022,rhine_river,Middle Rhine Reach (Mittelrhein / Kaub),River,27.56,874.6,715.3,0.0793,55.3,0.5378,0.019
2022-07-29,2022,rhine_river,Middle Rhine Reach (Mittelrhein / Kaub),River,26.77,861.2,696.9,0.1003,63.1,0.5638,0.0106
2022-07-30,2022,rhine_river,Middle Rhine Reach (Mittelrhein / Kaub),River,26.48,866.8,689.0,0.0828,56.6,0.569,0.0109
2022-07-31,2022,rhine_river,Middle Rhine Reach (Mittelrhein / Kaub),River,26.41,839.6,698.9,0.0899,59.2,0.5433,0.009
2022-08-01,2022,rhine_river,Middle Rhine Reach (Mittelrhein / Kaub),River,26.73,808.9,702.1,0.1043,64.5,0.5551,0.0115
2022-08-02,2022,rhine_river,Middle Rhine Reach (Mittelrhein / Kaub),River,26.53,842.4,708.4,0.0936,60.6,0.5769,0.0149
2022-08-03,2022,rhine_river,Middle Rhine Reach (Mittelrhein / Kaub),River,26.04,842.2,679.2,0.0544,46.1,0.5526,0.0143
2022-08-04,2022,rhine_river,Middle Rhine Reach (Mittelrhein / Kaub),River,26.04,851.0,672.7,0.0786,55.0,0.5556,0.0233
2022-08-05,2022,rhine_river,Middle Rhine Reach (Mittelrhein / Kaub),River,25.28,811.4,648.7,0.1017,63.6,0.5566,0.0125
2022-08-06,2022,rhine_river,Middle Rhine Reach (Mittelrhein / Kaub),River,26.33,780.0,672.6,0.0888,58.8,0.5405,0.0093
2022-08-07,2022,rhine_river,Middle Rhine Reach (Mittelrhein / Kaub),River,25.91,780.0,686.5,0.0774,54.6,0.5285,0.0108
2022-08-08,2022,rhine_river,Middle Rhine Reach (Mittelrhein / Kaub),River,25.9,792.1,678.8,0.0849,57.3,0.5546,0.0127
2022-08-09,2022,rhine_river,Middle Rhine Reach (Mittelrhein / Kaub),River,25.29,780.0,651.2,0.0608,48.4,0.5463,0.017
2022-08-10,2022,rhine_river,Middle Rhine Reach (Mittelrhein / Kaub),River,24.84,780.0,626.2,0.1008,63.2,0.5719,0.0151
2022-08-11,2022,rhine_river,Middle Rhine Reach (Mittelrhein / Kaub),River,24.94,780.0,628.6,0.0945,60.9,0.5445,0.0111
2022-08-12,2022,rhine_river,Middle Rhine Reach (Mittelrhein / Kaub),River,25.3,780.0,646.6,0.0921,60.0,0.5626,0.016
2022-08-13,2022,rhine_river,Middle Rhine Reach (Mittelrhein / Kaub),River,25.85,780.0,686.2,0.0816,56.1,0.5456,0.0117
2022-08-14,2022,rhine_river,Middle Rhine Reach (Mittelrhein / Kaub),River,25.96,780.0,664.1,0.0798,55.5,0.558,0.0098
2022-08-15,2022,rhine_river,Middle Rhine Reach (Mittelrhein / Kaub),River,24.86,780.0,635.4,0.084,57.0,0.5369,0.0138
2022-08-16,2022,rhine_river,Middle Rhine Reach (Mittelrhein / Kaub),River,24.54,780.0,639.7,0.0587,47.6,0.5342,0.0121
2022-08-17,2022,rhine_river,Middle Rhine Reach (Mittelrhein / Kaub),River,24.41,780.0,610.7,0.0929,60.3,0.5731,0.0174
2022-08-18,2022,rhine_river,Middle Rhine Reach (Mittelrhein / Kaub),River,24.85,780.0,644.5,0.0769,54.4,0.562,0.012
2022-08-19,2022,rhine_river,Middle Rhine Reach (Mittelrhein / Kaub),River,24.61,780.0,631.3,0.0617,48.8,0.536,0.0142
2022-08-20,2022,rhine_river,Middle Rhine Reach (Mittelrhein / Kaub),River,24.32,780.0,620.6,0.0416,41.3,0.5642,0.008
2022-08-21,2022,rhine_river,Middle Rhine Reach (Mittelrhein / Kaub),River,24.29,780.0,619.4,0.0789,55.1,0.5502,0.0116
2022-08-22,2022,rhine_river,Middle Rhine Reach (Mittelrhein / Kaub),River,24.85,780.0,605.2,0.066,50.4,0.5314,0.0125
2022-08-23,2022,rhine_river,Middle Rhine Reach (Mittelrhein / Kaub),River,23.86,780.0,579.9,0.0478,43.6,0.5516,0.0115
2022-08-24,2022,rhine_river,Middle Rhine Reach (Mittelrhein / Kaub),River,23.76,780.0,590.0,0.089,58.9,0.5414,0.0181
2022-08-25,2022,rhine_river,Middle Rhine Reach (Mittelrhein / Kaub),River,23.95,780.0,609.1,0.1103,66.8,0.562,0.0153
2022-08-26,2022,rhine_river,Middle Rhine Reach (Mittelrhein / Kaub),River,24.63,780.0,615.1,0.1067,65.4,0.5372,0.0088
2022-08-27,2022,rhine_river,Middle Rhine Reach (Mittelrhein / Kaub),River,23.02,780.0,564.8,0.087,58.1,0.5491,0.0109
2022-08-28,2022,rhine_river,Middle Rhine Reach (Mittelrhein / Kaub),River,24.5,780.0,623.9,0.082,56.3,0.5659,0.0101
2022-08-29,2022,rhine_river,Middle Rhine Reach (Mittelrhein / Kaub),River,22.9,780.0,570.5,0.0764,54.2,0.553,0.0109
2022-08-30,2022,rhine_river,Middle Rhine Reach (Mittelrhein / Kaub),River,23.16,780.0,572.1,0.0989,62.5,0.5436,0.0152
2022-08-31,2022,rhine_river,Middle Rhine Reach (Mittelrhein / Kaub),River,22.9,780.0,574.2,0.0802,55.6,0.5502,0.0112
2023-06-01,2023,rhine_river,Middle Rhine Reach (Mittelrhein / Kaub),River,22.08,1430.2,532.4,-0.0612,3.3,0.5566,-0.0201
2023-06-02,2023,rhine_river,Middle Rhine Reach (Mittelrhein / Kaub),River,22.63,1482.6,557.9,-0.0736,0.0,0.5626,-0.0195
2023-06-03,2023,rhine_river,Middle Rhine Reach (Mittelrhein / Kaub),River,22.82,1415.4,567.4,-0.0217,17.9,0.5599,-0.0127
2023-06-04,2023,rhine_river,Middle Rhine Reach (Mittelrhein / Kaub),River,23.35,1480.7,579.1,0.0151,31.5,0.5537,-0.0056
2023-06-05,2023,rhine_river,Middle Rhine Reach (Mittelrhein / Kaub),River,22.58,1438.5,553.0,0.0294,36.8,0.568,-0.0046
2023-06-06,2023,rhine_river,Middle Rhine Reach (Mittelrhein / Kaub),River,23.36,1421.9,584.2,0.0524,45.3,0.5234,0.0047
2023-06-07,2023,rhine_river,Middle Rhine Reach (Mittelrhein / Kaub),River,23.53,1425.0,594.4,0.0756,53.9,0.5264,0.0118
2023-06-08,2023,rhine_river,Middle Rhine Reach (Mittelrhein / Kaub),River,23.25,1382.8,559.1,0.0898,59.2,0.5721,0.0108
2023-06-09,2023,rhine_river,Middle Rhine Reach (Mittelrhein / Kaub),River,23.3,1360.7,549.2,0.1125,67.6,0.523,0.0098
2023-06-10,2023,rhine_river,Middle Rhine Reach (Mittelrhein / Kaub),River,23.62,1425.1,583.0,0.0648,49.9,0.5473,0.0175
2023-06-11,2023,rhine_river,Middle Rhine Reach (Mittelrhein / Kaub),River,23.73,1410.3,593.9,0.0839,57.0,0.5483,0.0161
2023-06-12,2023,rhine_river,Middle Rhine Reach (Mittelrhein / Kaub),River,24.18,1430.6,585.4,0.0853,57.5,0.5675,0.0107
2023-06-13,2023,rhine_river,Middle Rhine Reach (Mittelrhein / Kaub),River,24.04,1392.4,581.8,0.0959,61.4,0.5351,0.0059
2023-06-14,2023,rhine_river,Middle Rhine Reach (Mittelrhein / Kaub),River,23.63,1429.6,589.1,0.085,57.4,0.5612,0.0138
2023-06-15,2023,rhine_river,Middle Rhine Reach (Mittelrhein / Kaub),River,23.93,1373.5,600.1,0.0748,53.6,0.5785,0.0089
2023-06-16,2023,rhine_river,Middle Rhine Reach (Mittelrhein / Kaub),River,23.88,1409.2,608.8,0.0638,49.5,0.5582,0.0086
2023-06-17,2023,rhine_river,Middle Rhine Reach (Mittelrhein / Kaub),River,24.18,1359.2,625.9,0.1029,64.0,0.5613,0.0032
2023-06-18,2023,rhine_river,Middle Rhine Reach (Mittelrhein / Kaub),River,24.51,1371.4,617.4,0.1019,63.6,0.5558,0.0167
2023-06-19,2023,rhine_river,Middle Rhine Reach (Mittelrhein / Kaub),River,24.41,1381.1,621.9,0.0581,47.4,0.5527,0.0116
2023-06-20,2023,rhine_river,Middle Rhine Reach (Mittelrhein / Kaub),River,24.69,1380.5,622.1,0.0779,54.8,0.5612,0.0102
2023-06-21,2023,rhine_river,Middle Rhine Reach (Mittelrhein / Kaub),River,24.6,1337.1,614.4,0.0829,56.6,0.6006,0.0132
2023-06-22,2023,rhine_river,Middle Rhine Reach (Mittelrhein / Kaub),River,24.98,1315.0,637.5,0.086,57.8,0.5485,0.0002
2023-06-23,2023,rhine_river,Middle Rhine Reach (Mittelrhein / Kaub),River,24.78,1335.1,625.6,0.078,54.8,0.5537,0.014
2023-06-24,2023,rhine_river,Middle Rhine Reach (Mittelrhein / Kaub),River,24.58,1313.4,610.3,0.0854,57.5,0.5465,0.0058
2023-06-25,2023,rhine_river,Middle Rhine Reach (Mittelrhein / Kaub),River,25.22,1331.6,659.3,0.0954,61.2,0.5352,0.0063
2023-06-26,2023,rhine_river,Middle Rhine Reach (Mittelrhein / Kaub),River,24.81,1315.1,636.7,0.0659,50.3,0.5504,0.0072
2023-06-27,2023,rhine_river,Middle Rhine Reach (Mittelrhein / Kaub),River,25.59,1319.8,681.6,0.1055,65.0,0.5344,0.0126
2023-06-28,2023,rhine_river,Middle Rhine Reach (Mittelrhein / Kaub),River,25.12,1282.6,639.1,0.0701,51.9,0.5642,0.0109
2023-06-29,2023,rhine_river,Middle Rhine Reach (Mittelrhein / Kaub),River,25.88,1305.1,690.3,0.1031,64.1,0.5325,0.0103
2023-06-30,2023,rhine_river,Middle Rhine Reach (Mittelrhein / Kaub),River,25.97,1285.2,685.6,0.0817,56.2,0.5218,0.0101
2023-07-01,2023,rhine_river,Middle Rhine Reach (Mittelrhein / Kaub),River,25.83,1329.7,685.9,0.0861,57.8,0.5044,0.0153
2023-07-02,2023,rhine_river,Middle Rhine Reach (Mittelrhein / Kaub),River,25.79,1286.1,691.2,0.0787,55.1,0.5774,0.0104
2023-07-03,2023,rhine_river,Middle Rhine Reach (Mittelrhein / Kaub),River,26.29,1288.5,689.1,0.0715,52.4,0.5454,0.0047
2023-07-04,2023,rhine_river,Middle Rhine Reach (Mittelrhein / Kaub),River,25.97,1215.9,645.6,0.0884,58.6,0.549,0.0178
2023-07-05,2023,rhine_river,Middle Rhine Reach (Mittelrhein / Kaub),River,26.36,1208.4,688.3,0.0705,52.0,0.5749,0.0071
2023-07-06,2023,rhine_river,Middle Rhine Reach (Mittelrhein / Kaub),River,26.14,1194.9,693.2,0.0432,41.9,0.5702,0.0162
2023-07-07,2023,rhine_river,Middle Rhine Reach (Mittelrhein / Kaub),River,26.76,1146.3,698.7,0.0551,46.3,0.5349,0.0089
2023-07-08,2023,rhine_river,Middle Rhine Reach (Mittelrhein / Kaub),River,26.94,1081.6,694.1,0.0764,54.2,0.5518,0.0157
2023-07-09,2023,rhine_river,Middle Rhine Reach (Mittelrhein / Kaub),River,27.31,1003.3,748.5,0.0856,57.6,0.5505,0.0112
2023-07-10,2023,rhine_river,Middle Rhine Reach (Mittelrhein / Kaub),River,27.56,937.9,734.8,0.0859,57.7,0.554,0.0138
2023-07-11,2023,rhine_river,Middle Rhine Reach (Mittelrhein / Kaub),River,28.15,857.4,752.2,0.0977,62.1,0.5718,0.0063
2023-07-12,2023,rhine_river,Middle Rhine Reach (Mittelrhein / Kaub),River,28.78,780.0,788.1,0.0784,54.9,0.5337,0.0163
2023-07-13,2023,rhine_river,Middle Rhine Reach (Mittelrhein / Kaub),River,28.83,780.0,807.2,0.0686,51.3,0.5129,0.0074
2023-07-14,2023,rhine_river,Middle Rhine Reach (Mittelrhein / Kaub),River,28.95,780.0,789.6,0.0859,57.7,0.5609,0.0157
2023-07-15,2023,rhine_river,Middle Rhine Reach (Mittelrhein / Kaub),River,29.37,780.0,826.4,0.081,55.9,0.5443,0.0089
2023-07-16,2023,rhine_river,Middle Rhine Reach (Mittelrhein / Kaub),River,29.01,780.0,791.7,0.0979,62.2,0.5684,0.0081
2023-07-17,2023,rhine_river,Middle Rhine Reach (Mittelrhein / Kaub),River,29.35,780.0,834.7,0.0802,55.6,0.5519,0.011
2023-07-18,2023,rhine_river,Middle Rhine Reach (Mittelrhein / Kaub),River,28.93,780.0,801.4,0.0786,55.0,0.5457,0.0213
2023-07-19,2023,rhine_river,Middle Rhine Reach (Mittelrhein / Kaub),River,29.57,780.0,808.0,0.0601,48.2,0.538,0.0086
2023-07-20,2023,rhine_river,Middle Rhine Reach (Mittelrhein / Kaub),River,28.99,780.0,789.6,0.0628,49.2,0.5289,0.0227
2023-07-21,2023,rhine_river,Middle Rhine Reach (Mittelrhein / Kaub),River,28.26,780.0,734.8,0.0699,51.8,0.5596,0.0098
2023-07-22,2023,rhine_river,Middle Rhine Reach (Mittelrhein / Kaub),River,28.13,780.0,748.0,0.0657,50.2,0.5353,0.0078
2023-07-23,2023,rhine_river,Middle Rhine Reach (Mittelrhein / Kaub),River,27.88,780.0,738.9,0.0696,51.7,0.5697,0.0124
2023-07-24,2023,rhine_river,Middle Rhine Reach (Mittelrhein / Kaub),River,27.66,780.0,717.4,0.0796,55.4,0.5537,0.0156
2023-07-25,2023,rhine_river,Middle Rhine Reach (Mittelrhein / Kaub),River,27.11,803.4,707.7,0.0948,61.0,0.5469,0.0157
2023-07-26,2023,rhine_river,Middle Rhine Reach (Mittelrhein / Kaub),River,27.33,836.8,722.4,0.0772,54.5,0.5399,0.0112
2023-07-27,2023,rhine_river,Middle Rhine Reach (Mittelrhein / Kaub),River,27.21,860.9,695.0,0.0761,54.1,0.5526,0.0065
2023-07-28,2023,rhine_river,Middle Rhine Reach (Mittelrhein / Kaub),River,26.59,880.3,667.3,0.0569,47.0,0.5431,0.0181
2023-07-29,2023,rhine_river,Middle Rhine Reach (Mittelrhein / Kaub),River,26.03,910.3,678.9,0.0816,56.1,0.5258,0.0237
2023-07-30,2023,rhine_river,Middle Rhine Reach (Mittelrhein / Kaub),River,26.43,933.9,698.0,0.0818,56.2,0.5211,0.007
2023-07-31,2023,rhine_river,Middle Rhine Reach (Mittelrhein / Kaub),River,25.89,929.7,674.4,0.091,59.6,0.5457,0.0028
2023-08-01,2023,rhine_river,Middle Rhine Reach (Mittelrhein / Kaub),River,25.89,923.0,670.5,0.0901,59.3,0.5589,0.0057
2023-08-02,2023,rhine_river,Middle Rhine Reach (Mittelrhein / Kaub),River,24.96,938.6,630.3,0.0872,58.2,0.5657,0.0106
2023-08-03,2023,rhine_river,Middle Rhine Reach (Mittelrhein / Kaub),River,25.85,910.7,661.4,0.0901,59.3,0.5527,0.013
2023-08-04,2023,rhine_river,Middle Rhine Reach (Mittelrhein / Kaub),River,25.65,906.5,654.2,0.0572,47.1,0.5399,0.0118
2023-08-05,2023,rhine_river,Middle Rhine Reach (Mittelrhein / Kaub),River,24.99,931.1,627.5,0.0859,57.7,0.5515,0.016
2023-08-06,2023,rhine_river,Middle Rhine Reach (Mittelrhein / Kaub),River,25.63,898.3,660.4,0.0736,53.2,0.5693,0.0123
2023-08-07,2023,rhine_river,Middle Rhine Reach (Mittelrhein / Kaub),River,25.18,908.0,635.1,0.0904,59.4,0.5557,0.008
2023-08-08,2023,rhine_river,Middle Rhine Reach (Mittelrhein / Kaub),River,25.3,878.2,648.7,0.063,49.2,0.5149,0.0145
2023-08-09,2023,rhine_river,Middle Rhine Reach (Mittelrhein / Kaub),River,25.45,904.8,668.9,0.0755,53.9,0.5838,0.0086
2023-08-10,2023,rhine_river,Middle Rhine Reach (Mittelrhein / Kaub),River,25.18,861.6,632.6,0.076,54.1,0.5534,0.0068
2023-08-11,2023,rhine_river,Middle Rhine Reach (Mittelrhein / Kaub),River,24.57,896.5,628.8,0.0715,52.4,0.556,0.0098
2023-08-12,2023,rhine_river,Middle Rhine Reach (Mittelrhein / Kaub),River,24.37,871.0,624.8,0.0626,49.1,0.5498,0.0066
2023-08-13,2023,rhine_river,Middle Rhine Reach (Mittelrhein / Kaub),River,24.27,843.7,609.0,0.0462,43.0,0.5727,0.0092
2023-08-14,2023,rhine_river,Middle Rhine Reach (Mittelrhein / Kaub),River,24.47,865.4,601.1,0.0825,56.5,0.5575,0.01
2023-08-15,2023,rhine_river,Middle Rhine Reach (Mittelrhein / Kaub),River,24.39,852.8,600.4,0.0971,61.9,0.5637,0.0099
2023-08-16,2023,rhine_river,Middle Rhine Reach (Mittelrhein / Kaub),River,24.11,823.0,611.9,0.0692,51.5,0.5718,0.0162
2023-08-17,2023,rhine_river,Middle Rhine Reach (Mittelrhein / Kaub),River,24.69,817.2,633.1,0.0668,50.6,0.5278,0.0164
2023-08-18,2023,rhine_river,Middle Rhine Reach (Mittelrhein / Kaub),River,23.66,855.9,577.6,0.0856,57.6,0.5696,0.0143
2023-08-19,2023,rhine_river,Middle Rhine Reach (Mittelrhein / Kaub),River,24.05,830.3,587.6,0.0928,60.3,0.5284,0.0156
2023-08-20,2023,rhine_river,Middle Rhine Reach (Mittelrhein / Kaub),River,23.46,839.7,576.8,0.0524,45.3,0.5699,0.0182
2023-08-21,2023,rhine_river,Middle Rhine Reach (Mittelrhein / Kaub),River,23.75,826.4,589.9,0.0681,51.1,0.5714,0.0068
2023-08-22,2023,rhine_river,Middle Rhine Reach (Mittelrhein / Kaub),River,23.64,810.5,609.0,0.0921,60.0,0.5357,0.0149
2023-08-23,2023,rhine_river,Middle Rhine Reach (Mittelrhein / Kaub),River,23.63,809.3,581.9,0.0844,57.2,0.5018,0.0078
2023-08-24,2023,rhine_river,Middle Rhine Reach (Mittelrhein / Kaub),River,23.36,815.9,584.0,0.0697,51.7,0.5368,0.0112
2023-08-25,2023,rhine_river,Middle Rhine Reach (Mittelrhein / Kaub),River,23.37,796.6,572.7,0.0815,56.1,0.5694,0.0123
2023-08-26,2023,rhine_river,Middle Rhine Reach (Mittelrhein / Kaub),River,22.74,787.2,529.7,0.0781,54.8,0.5555,0.0061
2023-08-27,2023,rhine_river,Middle Rhine Reach (Mittelrhein / Kaub),River,22.96,808.3,569.7,0.0932,60.4,0.5756,0.0076
2023-08-28,2023,rhine_river,Middle Rhine Reach (Mittelrhein / Kaub),River,22.68,828.0,549.0,0.0695,51.6,0.5491,0.0098
2023-08-29,2023,rhine_river,Middle Rhine Reach (Mittelrhein / Kaub),River,22.22,804.0,548.0,0.0734,53.1,0.5213,0.0139
2023-08-30,2023,rhine_river,Middle Rhine Reach (Mittelrhein / Kaub),River,21.73,808.2,517.4,0.0995,62.8,0.5647,0.0107
2023-08-31,2023,rhine_river,Middle Rhine Reach (Mittelrhein / Kaub),River,22.56,799.8,542.3,0.0946,60.9,0.5562,0.0087
2024-06-01,2024,rhine_river,Middle Rhine Reach (Mittelrhein / Kaub),River,21.15,1376.3,504.3,-0.0778,0.0,0.564,-0.0263
2024-06-02,2024,rhine_river,Middle Rhine Reach (Mittelrhein / Kaub),River,21.46,1493.4,518.2,-0.0579,4.5,0.5532,-0.0258
2024-06-03,2024,rhine_river,Middle Rhine Reach (Mittelrhein / Kaub),River,21.87,1474.9,530.0,-0.0694,0.2,0.52,-0.0188
2024-06-04,2024,rhine_river,Middle Rhine Reach (Mittelrhein / Kaub),River,21.83,1428.2,525.6,-0.0744,0.0,0.5681,-0.0222
2024-06-05,2024,rhine_river,Middle Rhine Reach (Mittelrhein / Kaub),River,22.19,1452.7,525.1,-0.027,15.9,0.5244,-0.0156
2024-06-06,2024,rhine_river,Middle Rhine Reach (Mittelrhein / Kaub),River,21.9,1483.5,508.9,-0.004,24.4,0.5781,-0.0111
2024-06-07,2024,rhine_river,Middle Rhine Reach (Mittelrhein / Kaub),River,22.33,1473.4,554.0,-0.0149,20.4,0.5446,-0.0039
2024-06-08,2024,rhine_river,Middle Rhine Reach (Mittelrhein / Kaub),River,22.69,1476.4,565.1,0.0566,46.9,0.5462,0.0021
2024-06-09,2024,rhine_river,Middle Rhine Reach (Mittelrhein / Kaub),River,23.08,1397.6,584.5,0.1042,64.5,0.5744,0.0054
2024-06-10,2024,rhine_river,Middle Rhine Reach (Mittelrhein / Kaub),River,23.44,1428.8,576.0,0.0588,47.7,0.5543,0.0113
2024-06-11,2024,rhine_river,Middle Rhine Reach (Mittelrhein / Kaub),River,22.98,1429.6,568.0,0.0678,51.0,0.5475,0.0123
2024-06-12,2024,rhine_river,Middle Rhine Reach (Mittelrhein / Kaub),River,23.15,1394.9,556.0,0.0866,58.0,0.556,0.0103
2024-06-13,2024,rhine_river,Middle Rhine Reach (Mittelrhein / Kaub),River,23.6,1371.1,576.5,0.0747,53.6,0.5483,0.0106
2024-06-14,2024,rhine_river,Middle Rhine Reach (Mittelrhein / Kaub),River,23.79,1401.0,604.6,0.0768,54.4,0.5403,0.011
2024-06-15,2024,rhine_river,Middle Rhine Reach (Mittelrhein / Kaub),River,23.29,1403.4,572.7,0.0833,56.8,0.52,0.0165
2024-06-16,2024,rhine_river,Middle Rhine Reach (Mittelrhein / Kaub),River,23.09,1423.4,565.4,0.0887,58.8,0.5212,0.0108
2024-06-17,2024,rhine_river,Middle Rhine Reach (Mittelrhein / Kaub),River,23.63,1396.1,579.3,0.0615,48.7,0.5572,0.0155
2024-06-18,2024,rhine_river,Middle Rhine Reach (Mittelrhein / Kaub),River,23.93,1400.4,583.4,0.0575,47.2,0.5623,0.004
2024-06-19,2024,rhine_river,Middle Rhine Reach (Mittelrhein / Kaub),River,23.67,1377.9,609.2,0.0791,55.2,0.5628,0.0145
2024-06-20,2024,rhine_river,Middle Rhine Reach (Mittelrhein / Kaub),River,24.33,1338.4,625.5,0.0964,61.6,0.5423,0.0135
2024-06-21,2024,rhine_river,Middle Rhine Reach (Mittelrhein / Kaub),River,24.49,1418.8,616.5,0.0906,59.5,0.5192,0.0125
2024-06-22,2024,rhine_river,Middle Rhine Reach (Mittelrhein / Kaub),River,24.4,1331.1,626.4,0.086,57.8,0.5486,0.0173
2024-06-23,2024,rhine_river,Middle Rhine Reach (Mittelrhein / Kaub),River,24.22,1366.3,591.9,0.0907,59.5,0.5394,0.0109
2024-06-24,2024,rhine_river,Middle Rhine Reach (Mittelrhein / Kaub),River,24.72,1380.6,638.2,0.0667,50.6,0.5711,0.0171
2024-06-25,2024,rhine_river,Middle Rhine Reach (Mittelrhein / Kaub),River,24.92,1391.7,640.1,0.0888,58.8,0.5549,0.007
2024-06-26,2024,rhine_river,Middle Rhine Reach (Mittelrhein / Kaub),River,25.02,1292.4,622.2,0.0826,56.5,0.5358,0.0082
2024-06-27,2024,rhine_river,Middle Rhine Reach (Mittelrhein / Kaub),River,24.93,1405.6,625.6,0.0974,62.0,0.5487,0.0088
2024-06-28,2024,rhine_river,Middle Rhine Reach (Mittelrhein / Kaub),River,25.21,1375.5,633.8,0.0776,54.6,0.5583,0.0053
2024-06-29,2024,rhine_river,Middle Rhine Reach (Mittelrhein / Kaub),River,24.83,1333.4,632.4,0.0721,52.6,0.5488,0.0077
2024-06-30,2024,rhine_river,Middle Rhine Reach (Mittelrhein / Kaub),River,25.68,1303.2,668.7,0.0817,56.2,0.5472,0.0154
2024-07-01,2024,rhine_river,Middle Rhine Reach (Mittelrhein / Kaub),River,25.12,1360.4,634.5,0.0957,61.3,0.5599,0.0061
2024-07-02,2024,rhine_river,Middle Rhine Reach (Mittelrhein / Kaub),River,24.85,1321.5,649.3,0.0533,45.6,0.5474,0.0139
2024-07-03,2024,rhine_river,Middle Rhine Reach (Mittelrhein / Kaub),River,25.7,1295.0,669.3,0.0997,62.8,0.5442,0.0156
2024-07-04,2024,rhine_river,Middle Rhine Reach (Mittelrhein / Kaub),River,25.19,1313.2,650.6,0.0963,61.6,0.525,0.0086
2024-07-05,2024,rhine_river,Middle Rhine Reach (Mittelrhein / Kaub),River,25.19,1270.4,638.5,0.0974,62.0,0.5446,0.0094
2024-07-06,2024,rhine_river,Middle Rhine Reach (Mittelrhein / Kaub),River,25.65,1299.1,651.8,0.0982,62.3,0.5607,0.0119
2024-07-07,2024,rhine_river,Middle Rhine Reach (Mittelrhein / Kaub),River,25.65,1281.9,690.5,0.0844,57.2,0.5298,0.0088
2024-07-08,2024,rhine_river,Middle Rhine Reach (Mittelrhein / Kaub),River,25.43,1274.8,660.5,0.0913,59.7,0.5362,0.0112
2024-07-09,2024,rhine_river,Middle Rhine Reach (Mittelrhein / Kaub),River,26.36,1237.7,696.0,0.1044,64.6,0.5665,0.0182
2024-07-10,2024,rhine_river,Middle Rhine Reach (Mittelrhein / Kaub),River,26.02,1245.0,680.7,0.0587,47.6,0.5518,0.0067
2024-07-11,2024,rhine_river,Middle Rhine Reach (Mittelrhein / Kaub),River,25.16,1235.8,636.6,0.0809,55.9,0.5344,0.0152
2024-07-12,2024,rhine_river,Middle Rhine Reach (Mittelrhein / Kaub),River,25.57,1206.9,646.1,0.0761,54.1,0.5487,0.0154
2024-07-13,2024,rhine_river,Middle Rhine Reach (Mittelrhein / Kaub),River,25.87,1158.6,696.1,0.0756,53.9,0.544,0.0056
2024-07-14,2024,rhine_river,Middle Rhine Reach (Mittelrhein / Kaub),River,26.36,1092.6,702.7,0.0937,60.6,0.5333,0.0132
2024-07-15,2024,rhine_river,Middle Rhine Reach (Mittelrhein / Kaub),River,26.2,1027.9,683.4,0.0727,52.8,0.5408,0.0076
2024-07-16,2024,rhine_river,Middle Rhine Reach (Mittelrhein / Kaub),River,26.26,969.0,709.3,0.0653,50.1,0.5583,0.0109
2024-07-17,2024,rhine_river,Middle Rhine Reach (Mittelrhein / Kaub),River,27.37,919.1,717.3,0.0774,54.6,0.5457,0.0116
2024-07-18,2024,rhine_river,Middle Rhine Reach (Mittelrhein / Kaub),River,26.2,904.9,690.7,0.0644,49.8,0.5105,0.0121
2024-07-19,2024,rhine_river,Middle Rhine Reach (Mittelrhein / Kaub),River,27.15,791.0,725.0,0.0742,53.4,0.5535,0.0118
2024-07-20,2024,rhine_river,Middle Rhine Reach (Mittelrhein / Kaub),River,26.8,780.0,701.5,0.0733,53.1,0.5442,0.0135
2024-07-21,2024,rhine_river,Middle Rhine Reach (Mittelrhein / Kaub),River,27.69,780.0,751.4,0.0757,53.9,0.5305,0.0115
2024-07-22,2024,rhine_river,Middle Rhine Reach (Mittelrhein / Kaub),River,27.65,780.0,742.5,0.0837,56.9,0.5544,0.0118
2024-07-23,2024,rhine_river,Middle Rhine Reach (Mittelrhein / Kaub),River,27.66,780.0,735.2,0.0756,53.9,0.5647,0.0104
2024-07-24,2024,rhine_river,Middle Rhine Reach (Mittelrhein / Kaub),River,27.7,780.0,744.0,0.1081,65.9,0.5533,0.0112
2024-07-25,2024,rhine_river,Middle Rhine Reach (Mittelrhein / Kaub),River,27.6,780.0,718.7,0.0922,60.1,0.5549,0.008
2024-07-26,2024,rhine_river,Middle Rhine Reach (Mittelrhein / Kaub),River,27.71,780.0,736.8,0.0577,47.3,0.5528,0.0119
2024-07-27,2024,rhine_river,Middle Rhine Reach (Mittelrhein / Kaub),River,27.17,780.0,712.0,0.0773,54.5,0.573,0.0107
2024-07-28,2024,rhine_river,Middle Rhine Reach (Mittelrhein / Kaub),River,26.81,780.0,713.8,0.0639,49.6,0.5586,0.0125
2024-07-29,2024,rhine_river,Middle Rhine Reach (Mittelrhein / Kaub),River,27.06,780.0,737.2,0.0892,58.9,0.5448,0.0113
2024-07-30,2024,rhine_river,Middle Rhine Reach (Mittelrhein / Kaub),River,26.64,780.0,691.4,0.0599,48.1,0.5408,0.0084
2024-07-31,2024,rhine_river,Middle Rhine Reach (Mittelrhein / Kaub),River,26.85,780.0,740.5,0.0775,54.6,0.5314,0.0138
2024-08-01,2024,rhine_river,Middle Rhine Reach (Mittelrhein / Kaub),River,26.7,790.0,711.6,0.0938,60.6,0.5384,0.0084
2024-08-02,2024,rhine_river,Middle Rhine Reach (Mittelrhein / Kaub),River,26.12,856.6,678.2,0.0725,52.8,0.552,0.0201
2024-08-03,2024,rhine_river,Middle Rhine Reach (Mittelrhein / Kaub),River,26.02,896.9,688.2,0.0901,59.3,0.5603,0.0104
2024-08-04,2024,rhine_river,Middle Rhine Reach (Mittelrhein / Kaub),River,25.63,941.3,694.0,0.0875,58.3,0.5385,0.0104
2024-08-05,2024,rhine_river,Middle Rhine Reach (Mittelrhein / Kaub),River,25.25,968.1,658.6,0.0834,56.8,0.5588,0.0156
2024-08-06,2024,rhine_river,Middle Rhine Reach (Mittelrhein / Kaub),River,24.51,984.9,606.6,0.0669,50.7,0.5376,0.0106
2024-08-07,2024,rhine_river,Middle Rhine Reach (Mittelrhein / Kaub),River,24.69,974.8,648.2,0.0844,57.2,0.522,0.0134
2024-08-08,2024,rhine_river,Middle Rhine Reach (Mittelrhein / Kaub),River,24.58,999.8,632.0,0.0663,50.5,0.5464,0.0086
2024-08-09,2024,rhine_river,Middle Rhine Reach (Mittelrhein / Kaub),River,24.51,953.0,638.8,0.0893,59.0,0.586,0.015
2024-08-10,2024,rhine_river,Middle Rhine Reach (Mittelrhein / Kaub),River,24.12,959.6,608.4,0.0727,52.8,0.5249,0.0177
2024-08-11,2024,rhine_river,Middle Rhine Reach (Mittelrhein / Kaub),River,24.53,982.0,637.2,0.0942,60.8,0.5447,0.0087
2024-08-12,2024,rhine_river,Middle Rhine Reach (Mittelrhein / Kaub),River,24.56,944.2,632.5,0.095,61.1,0.538,0.0139
2024-08-13,2024,rhine_river,Middle Rhine Reach (Mittelrhein / Kaub),River,24.45,954.9,613.7,0.0868,58.1,0.5383,0.0072
2024-08-14,2024,rhine_river,Middle Rhine Reach (Mittelrhein / Kaub),River,24.26,974.4,619.5,0.062,48.9,0.5445,0.0107
2024-08-15,2024,rhine_river,Middle Rhine Reach (Mittelrhein / Kaub),River,23.31,935.0,587.8,0.0936,60.6,0.5332,0.0098
2024-08-16,2024,rhine_river,Middle Rhine Reach (Mittelrhein / Kaub),River,24.2,960.1,614.4,0.0927,60.2,0.5417,0.0124
2024-08-17,2024,rhine_river,Middle Rhine Reach (Mittelrhein / Kaub),River,23.39,948.9,581.5,0.0665,50.5,0.5294,0.0149
2024-08-18,2024,rhine_river,Middle Rhine Reach (Mittelrhein / Kaub),River,23.87,962.0,593.2,0.0845,57.2,0.5486,0.012
2024-08-19,2024,rhine_river,Middle Rhine Reach (Mittelrhein / Kaub),River,22.85,894.5,550.2,0.0924,60.1,0.5567,0.0104
2024-08-20,2024,rhine_river,Middle Rhine Reach (Mittelrhein / Kaub),River,23.31,958.5,568.7,0.1022,63.8,0.5728,0.0142
2024-08-21,2024,rhine_river,Middle Rhine Reach (Mittelrhein / Kaub),River,23.15,935.0,568.7,0.0513,44.9,0.5432,0.0131
2024-08-22,2024,rhine_river,Middle Rhine Reach (Mittelrhein / Kaub),River,22.63,951.1,555.1,0.0646,49.8,0.5503,0.0064
2024-08-23,2024,rhine_river,Middle Rhine Reach (Mittelrhein / Kaub),River,22.58,912.6,551.8,0.0691,51.5,0.5434,0.0089
2024-08-24,2024,rhine_river,Middle Rhine Reach (Mittelrhein / Kaub),River,22.85,927.9,581.0,0.089,58.9,0.5414,0.0116
2024-08-25,2024,rhine_river,Middle Rhine Reach (Mittelrhein / Kaub),River,22.22,941.8,530.9,0.0958,61.4,0.5454,0.0113
2024-08-26,2024,rhine_river,Middle Rhine Reach (Mittelrhein / Kaub),River,22.08,935.7,531.6,0.0751,53.7,0.5423,0.0115
2024-08-27,2024,rhine_river,Middle Rhine Reach (Mittelrhein / Kaub),River,23.19,886.0,573.4,0.0789,55.1,0.5545,0.0121
2024-08-28,2024,rhine_river,Middle Rhine Reach (Mittelrhein / Kaub),River,21.97,943.3,509.6,0.1001,63.0,0.5572,0.0104
2024-08-29,2024,rhine_river,Middle Rhine Reach (Mittelrhein / Kaub),River,21.66,920.9,520.1,0.0923,60.1,0.5528,0.004
2024-08-30,2024,rhine_river,Middle Rhine Reach (Mittelrhein / Kaub),River,21.22,926.8,499.3,0.0876,58.3,0.5529,0.0139
2024-08-31,2024,rhine_river,Middle Rhine Reach (Mittelrhein / Kaub),River,21.53,906.6,518.7,0.0825,56.5,0.5722,0.0197
2025-06-01,2025,rhine_river,Middle Rhine Reach (Mittelrhein / Kaub),River,22.66,1423.9,561.8,-0.0562,5.1,0.5481,-0.0198
2025-06-02,2025,rhine_river,Middle Rhine Reach (Mittelrhein / Kaub),River,22.87,1466.9,569.5,-0.0574,4.7,0.5414,-0.0191
2025-06-03,2025,rhine_river,Middle Rhine Reach (Mittelrhein / Kaub),River,22.98,1475.2,573.7,-0.026,16.3,0.5574,-0.0019
2025-06-04,2025,rhine_river,Middle Rhine Reach (Mittelrhein / Kaub),River,23.23,1442.1,573.9,-0.0068,23.4,0.5636,-0.0046
2025-06-05,2025,rhine_river,Middle Rhine Reach (Mittelrhein / Kaub),River,23.16,1422.9,587.2,0.0201,33.4,0.5571,-0.0004
2025-06-06,2025,rhine_river,Middle Rhine Reach (Mittelrhein / Kaub),River,23.91,1452.0,606.7,0.0738,53.2,0.519,0.0106
2025-06-07,2025,rhine_river,Middle Rhine Reach (Mittelrhein / Kaub),River,23.66,1419.2,603.9,0.1099,66.6,0.5342,0.0119
2025-06-08,2025,rhine_river,Middle Rhine Reach (Mittelrhein / Kaub),River,24.01,1402.3,593.5,0.1001,63.0,0.5623,0.0158
2025-06-09,2025,rhine_river,Middle Rhine Reach (Mittelrhein / Kaub),River,23.06,1422.5,585.5,0.084,57.0,0.5662,0.0109
2025-06-10,2025,rhine_river,Middle Rhine Reach (Mittelrhein / Kaub),River,23.89,1454.6,605.7,0.0974,62.0,0.5483,0.0068
2025-06-11,2025,rhine_river,Middle Rhine Reach (Mittelrhein / Kaub),River,23.52,1380.8,603.9,0.0503,44.5,0.5128,0.0142
2025-06-12,2025,rhine_river,Middle Rhine Reach (Mittelrhein / Kaub),River,24.75,1403.6,631.7,0.0798,55.5,0.5327,0.0055
2025-06-13,2025,rhine_river,Middle Rhine Reach (Mittelrhein / Kaub),River,24.17,1407.3,583.8,0.0868,58.1,0.5285,0.0111
2025-06-14,2025,rhine_river,Middle Rhine Reach (Mittelrhein / Kaub),River,24.67,1412.7,611.1,0.0884,58.6,0.5545,0.0049
2025-06-15,2025,rhine_river,Middle Rhine Reach (Mittelrhein / Kaub),River,25.05,1407.4,662.4,0.075,53.7,0.5618,0.0128
2025-06-16,2025,rhine_river,Middle Rhine Reach (Mittelrhein / Kaub),River,24.65,1385.2,636.3,0.0872,58.2,0.5507,0.0146
2025-06-17,2025,rhine_river,Middle Rhine Reach (Mittelrhein / Kaub),River,24.93,1379.2,637.6,0.0504,44.6,0.5427,0.0127
2025-06-18,2025,rhine_river,Middle Rhine Reach (Mittelrhein / Kaub),River,24.97,1411.7,632.1,0.0622,48.9,0.5698,0.0111
2025-06-19,2025,rhine_river,Middle Rhine Reach (Mittelrhein / Kaub),River,25.21,1375.9,633.9,0.0669,50.7,0.5639,0.0099
2025-06-20,2025,rhine_river,Middle Rhine Reach (Mittelrhein / Kaub),River,25.4,1340.0,654.3,0.0829,56.6,0.5272,0.0098
2025-06-21,2025,rhine_river,Middle Rhine Reach (Mittelrhein / Kaub),River,25.71,1302.1,675.0,0.0641,49.6,0.552,0.0143
2025-06-22,2025,rhine_river,Middle Rhine Reach (Mittelrhein / Kaub),River,26.04,1284.8,649.1,0.0841,57.1,0.5376,0.0207
2025-06-23,2025,rhine_river,Middle Rhine Reach (Mittelrhein / Kaub),River,25.97,1368.9,658.8,0.0668,50.6,0.5388,0.0069
2025-06-24,2025,rhine_river,Middle Rhine Reach (Mittelrhein / Kaub),River,25.93,1331.0,666.2,0.0898,59.2,0.5466,0.0143
2025-06-25,2025,rhine_river,Middle Rhine Reach (Mittelrhein / Kaub),River,25.7,1271.8,671.8,0.0767,54.3,0.5338,0.0066
2025-06-26,2025,rhine_river,Middle Rhine Reach (Mittelrhein / Kaub),River,25.97,1280.8,676.4,0.0695,51.6,0.549,0.0088
2025-06-27,2025,rhine_river,Middle Rhine Reach (Mittelrhein / Kaub),River,25.59,1295.7,645.8,0.0536,45.8,0.5374,0.0131
2025-06-28,2025,rhine_river,Middle Rhine Reach (Mittelrhein / Kaub),River,26.11,1256.9,682.4,0.0905,59.4,0.5795,0.0086
2025-06-29,2025,rhine_river,Middle Rhine Reach (Mittelrhein / Kaub),River,26.75,1277.6,694.7,0.0844,57.2,0.5454,0.0107
2025-06-30,2025,rhine_river,Middle Rhine Reach (Mittelrhein / Kaub),River,25.95,1239.0,680.7,0.1048,64.7,0.5533,0.0034
2025-07-01,2025,rhine_river,Middle Rhine Reach (Mittelrhein / Kaub),River,26.0,1263.9,688.3,0.0912,59.7,0.5479,0.0097
2025-07-02,2025,rhine_river,Middle Rhine Reach (Mittelrhein / Kaub),River,26.02,1244.1,673.3,0.0632,49.3,0.5476,0.0089
2025-07-03,2025,rhine_river,Middle Rhine Reach (Mittelrhein / Kaub),River,26.36,1221.1,699.7,0.0747,53.6,0.5628,0.0105
2025-07-04,2025,rhine_river,Middle Rhine Reach (Mittelrhein / Kaub),River,26.78,1235.9,709.1,0.0757,53.9,0.5357,0.0137
2025-07-05,2025,rhine_river,Middle Rhine Reach (Mittelrhein / Kaub),River,27.05,1230.7,709.0,0.0743,53.4,0.5427,0.0156
2025-07-06,2025,rhine_river,Middle Rhine Reach (Mittelrhein / Kaub),River,26.86,1195.1,738.8,0.102,63.7,0.5329,0.0121
2025-07-07,2025,rhine_river,Middle Rhine Reach (Mittelrhein / Kaub),River,26.92,1189.6,705.1,0.0871,58.2,0.5688,0.0093
2025-07-08,2025,rhine_river,Middle Rhine Reach (Mittelrhein / Kaub),River,26.84,1206.5,704.4,0.0796,55.4,0.5709,0.0124
2025-07-09,2025,rhine_river,Middle Rhine Reach (Mittelrhein / Kaub),River,27.37,1141.0,720.6,0.0712,52.3,0.5623,0.0146
2025-07-10,2025,rhine_river,Middle Rhine Reach (Mittelrhein / Kaub),River,27.04,1155.4,714.8,0.0974,62.0,0.5701,0.012
2025-07-11,2025,rhine_river,Middle Rhine Reach (Mittelrhein / Kaub),River,27.58,1168.1,710.5,0.0716,52.4,0.5415,0.0161
2025-07-12,2025,rhine_river,Middle Rhine Reach (Mittelrhein / Kaub),River,27.2,1139.3,728.0,0.0878,58.4,0.5592,0.0109
2025-07-13,2025,rhine_river,Middle Rhine Reach (Mittelrhein / Kaub),River,26.76,1093.3,700.3,0.0925,60.2,0.5461,0.0159
2025-07-14,2025,rhine_river,Middle Rhine Reach (Mittelrhein / Kaub),River,27.49,1034.7,733.1,0.0699,51.8,0.5438,0.0083
2025-07-15,2025,rhine_river,Middle Rhine Reach (Mittelrhein / Kaub),River,27.48,1020.2,734.9,0.0917,59.9,0.5555,0.0133
2025-07-16,2025,rhine_river,Middle Rhine Reach (Mittelrhein / Kaub),River,28.17,934.7,776.3,0.0714,52.4,0.5633,0.0145
2025-07-17,2025,rhine_river,Middle Rhine Reach (Mittelrhein / Kaub),River,29.05,875.9,760.1,0.088,58.5,0.5808,0.0118
2025-07-18,2025,rhine_river,Middle Rhine Reach (Mittelrhein / Kaub),River,28.63,820.2,755.1,0.0687,51.4,0.5436,0.0107
2025-07-19,2025,rhine_river,Middle Rhine Reach (Mittelrhein / Kaub),River,29.37,780.0,817.8,0.0861,57.8,0.5493,0.0123
2025-07-20,2025,rhine_river,Middle Rhine Reach (Mittelrhein / Kaub),River,29.74,780.0,809.3,0.0714,52.4,0.5488,0.007
2025-07-21,2025,rhine_river,Middle Rhine Reach (Mittelrhein / Kaub),River,30.1,780.0,825.0,0.0824,56.4,0.5605,0.0108
2025-07-22,2025,rhine_river,Middle Rhine Reach (Mittelrhein / Kaub),River,30.54,780.0,850.6,0.0602,48.2,0.5616,-0.0023
2025-07-23,2025,rhine_river,Middle Rhine Reach (Mittelrhein / Kaub),River,30.66,780.0,858.5,0.0638,49.5,0.5525,0.0151
2025-07-24,2025,rhine_river,Middle Rhine Reach (Mittelrhein / Kaub),River,31.07,780.0,882.0,0.0772,54.5,0.5499,0.0052
2025-07-25,2025,rhine_river,Middle Rhine Reach (Mittelrhein / Kaub),River,30.74,780.0,843.7,0.0762,54.1,0.5574,0.0178
2025-07-26,2025,rhine_river,Middle Rhine Reach (Mittelrhein / Kaub),River,30.66,780.0,867.6,0.0763,54.2,0.5599,0.0078
2025-07-27,2025,rhine_river,Middle Rhine Reach (Mittelrhein / Kaub),River,30.02,780.0,838.5,0.0587,47.6,0.5455,0.0116
2025-07-28,2025,rhine_river,Middle Rhine Reach (Mittelrhein / Kaub),River,30.07,780.0,823.8,0.0833,56.8,0.5476,0.0004
2025-07-29,2025,rhine_river,Middle Rhine Reach (Mittelrhein / Kaub),River,29.26,780.0,789.0,0.081,55.9,0.5423,0.008
2025-07-30,2025,rhine_river,Middle Rhine Reach (Mittelrhein / Kaub),River,29.05,780.0,803.3,0.0869,58.1,0.5551,0.0165
2025-07-31,2025,rhine_river,Middle Rhine Reach (Mittelrhein / Kaub),River,28.76,780.0,764.5,0.0837,56.9,0.5579,0.0083
2025-08-01,2025,rhine_river,Middle Rhine Reach (Mittelrhein / Kaub),River,28.16,780.0,744.6,0.0588,47.7,0.5604,0.0114
2025-08-02,2025,rhine_river,Middle Rhine Reach (Mittelrhein / Kaub),River,27.43,780.0,736.2,0.0815,56.1,0.5482,0.0187
2025-08-03,2025,rhine_river,Middle Rhine Reach (Mittelrhein / Kaub),River,27.56,780.0,710.1,0.1005,63.1,0.5535,0.0096
2025-08-04,2025,rhine_river,Middle Rhine Reach (Mittelrhein / Kaub),River,27.0,780.0,734.3,0.076,54.1,0.5779,0.009
2025-08-05,2025,rhine_river,Middle Rhine Reach (Mittelrhein / Kaub),River,26.78,780.0,694.9,0.0739,53.3,0.5571,0.0184
2025-08-06,2025,rhine_river,Middle Rhine Reach (Mittelrhein / Kaub),River,25.76,780.0,660.7,0.0942,60.8,0.5568,0.0085
2025-08-07,2025,rhine_river,Middle Rhine Reach (Mittelrhein / Kaub),River,25.89,780.0,686.6,0.0909,59.6,0.5495,0.0112
2025-08-08,2025,rhine_river,Middle Rhine Reach (Mittelrhein / Kaub),River,26.07,785.3,680.1,0.0665,50.5,0.5595,0.0085
2025-08-09,2025,rhine_river,Middle Rhine Reach (Mittelrhein / Kaub),River,26.28,780.0,703.1,0.0674,50.9,0.5419,0.0054
2025-08-10,2025,rhine_river,Middle Rhine Reach (Mittelrhein / Kaub),River,25.34,780.0,673.7,0.0825,56.5,0.562,0.0093
2025-08-11,2025,rhine_river,Middle Rhine Reach (Mittelrhein / Kaub),River,25.8,780.0,666.8,0.0822,56.3,0.5261,0.0094
2025-08-12,2025,rhine_river,Middle Rhine Reach (Mittelrhein / Kaub),River,25.57,780.0,655.9,0.0996,62.8,0.5624,0.0114
2025-08-13,2025,rhine_river,Middle Rhine Reach (Mittelrhein / Kaub),River,24.76,799.6,625.3,0.1129,67.7,0.5534,0.0109
2025-08-14,2025,rhine_river,Middle Rhine Reach (Mittelrhein / Kaub),River,24.87,780.0,642.3,0.0748,53.6,0.5435,0.0132
2025-08-15,2025,rhine_river,Middle Rhine Reach (Mittelrhein / Kaub),River,25.33,780.0,645.3,0.0891,58.9,0.5459,0.0097
2025-08-16,2025,rhine_river,Middle Rhine Reach (Mittelrhein / Kaub),River,24.68,780.0,613.0,0.084,57.0,0.538,0.0181
2025-08-17,2025,rhine_river,Middle Rhine Reach (Mittelrhein / Kaub),River,23.9,780.0,608.9,0.0833,56.8,0.5405,0.0135
2025-08-18,2025,rhine_river,Middle Rhine Reach (Mittelrhein / Kaub),River,24.46,780.0,622.7,0.0837,56.9,0.5625,0.0113
2025-08-19,2025,rhine_river,Middle Rhine Reach (Mittelrhein / Kaub),River,24.57,780.0,629.2,0.0806,55.8,0.5454,0.011
2025-08-20,2025,rhine_river,Middle Rhine Reach (Mittelrhein / Kaub),River,24.39,780.0,612.7,0.0583,47.5,0.5493,0.0123
2025-08-21,2025,rhine_river,Middle Rhine Reach (Mittelrhein / Kaub),River,24.72,780.0,660.0,0.0704,52.0,0.5427,0.0067
2025-08-22,2025,rhine_river,Middle Rhine Reach (Mittelrhein / Kaub),River,23.98,780.0,606.7,0.0818,56.2,0.5533,0.0107
2025-08-23,2025,rhine_river,Middle Rhine Reach (Mittelrhein / Kaub),River,24.04,780.0,604.8,0.0798,55.5,0.546,0.0134
2025-08-24,2025,rhine_river,Middle Rhine Reach (Mittelrhein / Kaub),River,23.95,780.0,595.6,0.0891,58.9,0.5405,0.0098
2025-08-25,2025,rhine_river,Middle Rhine Reach (Mittelrhein / Kaub),River,24.14,780.0,585.4,0.1077,65.8,0.5644,0.0089
2025-08-26,2025,rhine_river,Middle Rhine Reach (Mittelrhein / Kaub),River,23.19,780.0,559.5,0.085,57.4,0.5371,0.0084
2025-08-27,2025,rhine_river,Middle Rhine Reach (Mittelrhein / Kaub),River,23.54,780.0,587.5,0.0842,57.1,0.5374,0.0159
2025-08-28,2025,rhine_river,Middle Rhine Reach (Mittelrhein / Kaub),River,23.13,780.0,563.5,0.0861,57.8,0.5486,0.0136
2025-08-29,2025,rhine_river,Middle Rhine Reach (Mittelrhein / Kaub),River,23.81,780.0,586.4,0.0847,57.3,0.5679,0.0066
2025-08-30,2025,rhine_river,Middle Rhine Reach (Mittelrhein / Kaub),River,22.8,780.0,565.5,0.0776,54.6,0.5529,0.0137
2025-08-31,2025,rhine_river,Middle Rhine Reach (Mittelrhein / Kaub),River,23.32,780.0,567.6,0.1001,63.0,0.5285,0.0123
